x y z
0 -1.5 0
0.423729 -1.5 3.22791e-08
0.847458 -1.5 1.22341e-07
1.27119 -1.5 3.35277e-07
1.69492 -1.5 6.36876e-07
2.11864 -1.5 9.18733e-07
2.54237 -1.5 1.32194e-06
2.9661 -1.5 2.05437e-06
3.38983 -1.5 2.68543e-06
3.81356 -1.5 3.43186e-06
4.23729 -1.5 4.56656e-06
4.66102 -1.5 5.12502e-06
5.08475 -1.5 5.80907e-06
5.50847 -1.5 6.97308e-06
5.9322 -1.5 7.67863e-06
6.35593 -1.5 7.98823e-06
6.77966 -1.5 8.93313e-06
7.20339 -1.5 8.43433e-06
7.62712 -1.5 9.03911e-06
8.05085 -1.5 8.91659e-06
8.47458 -1.5 9.03275e-06
8.89831 -1.5 8.46663e-06
9.32203 -1.5 8.24472e-06
9.74576 -1.5 7.61632e-06
10.1695 -1.5 7.11397e-06
10.5932 -1.5 6.29984e-06
11.0169 -1.5 4.92282e-06
11.4407 -1.5 4.66467e-06
11.8644 -1.5 4.106e-06
12.2881 -1.5 3.0901e-06
12.7119 -1.5 2.12948e-06
13.1356 -1.5 1.86625e-06
13.5593 -1.5 1.36597e-06
13.9831 -1.5 1.02595e-06
14.4068 -1.5 8.50439e-07
14.8305 -1.5 6.65863e-07
15.2542 -1.5 5.21785e-07
15.678 -1.5 4.27806e-07
16.1017 -1.5 3.73273e-07
16.5254 -1.5 2.81251e-07
16.9492 -1.5 2.2688e-07
17.3729 -1.5 1.8383e-07
17.7966 -1.5 1.47599e-07
18.2203 -1.5 1.23808e-07
18.6441 -1.5 1.03443e-07
19.0678 -1.5 8.61774e-08
19.4915 -1.5 7.6414e-08
19.9153 -1.5 6.24255e-08
20.339 -1.5 4.89676e-08
20.7627 -1.5 4.17765e-08
21.1864 -1.5 3.60623e-08
21.6102 -1.5 3.16136e-08
22.0339 -1.5 2.6792e-08
22.4576 -1.5 2.36494e-08
22.8814 -1.5 1.92226e-08
23.3051 -1.5 1.54484e-08
23.7288 -1.5 1.56124e-08
24.1525 -1.5 1.20144e-08
24.5763 -1.5 1.02112e-08
25 -1.5 8.809e-09

0 -1.47492 0
0.423729 -1.47492 3.94142e-08
0.847458 -1.47492 1.55243e-07
1.27119 -1.47492 4.0055e-07
1.69492 -1.47492 7.47557e-07
2.11864 -1.47492 1.1094e-06
2.54237 -1.47492 1.64292e-06
2.9661 -1.47492 2.51605e-06
3.38983 -1.47492 3.28741e-06
3.81356 -1.47492 4.19775e-06
4.23729 -1.47492 5.68287e-06
4.66102 -1.47492 6.24388e-06
5.08475 -1.47492 7.09691e-06
5.50847 -1.47492 8.61871e-06
5.9322 -1.47492 9.4438e-06
6.35593 -1.47492 1.03153e-05
6.77966 -1.47492 1.09346e-05
7.20339 -1.47492 1.05609e-05
7.62712 -1.47492 1.11374e-05
8.05085 -1.47492 1.08124e-05
8.47458 -1.47492 1.09489e-05
8.89831 -1.47492 1.0564e-05
9.32203 -1.47492 1.00948e-05
9.74576 -1.47492 9.24198e-06
10.1695 -1.47492 8.47837e-06
10.5932 -1.47492 7.60617e-06
11.0169 -1.47492 6.08718e-06
11.4407 -1.47492 5.68928e-06
11.8644 -1.47492 5.11645e-06
12.2881 -1.47492 3.77261e-06
12.7119 -1.47492 2.65105e-06
13.1356 -1.47492 2.24398e-06
13.5593 -1.47492 1.6612e-06
13.9831 -1.47492 1.26589e-06
14.4068 -1.47492 1.0201e-06
14.8305 -1.47492 7.87816e-07
15.2542 -1.47492 6.41701e-07
15.678 -1.47492 5.19126e-07
16.1017 -1.47492 4.45884e-07
16.5254 -1.47492 3.41923e-07
16.9492 -1.47492 2.71782e-07
17.3729 -1.47492 2.27129e-07
17.7966 -1.47492 1.76973e-07
18.2203 -1.47492 1.51002e-07
18.6441 -1.47492 1.27864e-07
19.0678 -1.47492 1.05702e-07
19.4915 -1.47492 9.43386e-08
19.9153 -1.47492 7.6225e-08
20.339 -1.47492 6.08974e-08
20.7627 -1.47492 5.16692e-08
21.1864 -1.47492 4.3764e-08
21.6102 -1.47492 3.7602e-08
22.0339 -1.47492 3.24218e-08
22.4576 -1.47492 2.90305e-08
22.8814 -1.47492 2.35246e-08
23.3051 -1.47492 1.83921e-08
23.7288 -1.47492 1.83359e-08
24.1525 -1.47492 1.45698e-08
24.5763 -1.47492 1.26829e-08
25 -1.47492 1.02176e-08

0 -1.44983 0
0.423729 -1.44983 4.82569e-08
0.847458 -1.44983 1.96894e-07
1.27119 -1.44983 4.76068e-07
1.69492 -1.44983 8.75191e-07
2.11864 -1.44983 1.33803e-06
2.54237 -1.44983 2.04178e-06
2.9661 -1.44983 3.0517e-06
3.38983 -1.44983 4.00724e-06
3.81356 -1.44983 5.13649e-06
4.23729 -1.44983 7.00901e-06
4.66102 -1.44983 7.672e-06
5.08475 -1.44983 8.74632e-06
5.50847 -1.44983 1.05112e-05
5.9322 -1.44983 1.15692e-05
6.35593 -1.44983 1.31732e-05
6.77966 -1.44983 1.33035e-05
7.20339 -1.44983 1.32624e-05
7.62712 -1.44983 1.36994e-05
8.05085 -1.44983 1.32255e-05
8.47458 -1.44983 1.32512e-05
8.89831 -1.44983 1.26404e-05
9.32203 -1.44983 1.22954e-05
9.74576 -1.44983 1.12731e-05
10.1695 -1.44983 1.01641e-05
10.5932 -1.44983 9.20754e-06
11.0169 -1.44983 7.62193e-06
11.4407 -1.44983 6.90582e-06
11.8644 -1.44983 6.29863e-06
12.2881 -1.44983 4.57486e-06
12.7119 -1.44983 3.32381e-06
13.1356 -1.44983 2.69098e-06
13.5593 -1.44983 2.01811e-06
13.9831 -1.44983 1.57269e-06
14.4068 -1.44983 1.23553e-06
14.8305 -1.44983 9.52379e-07
15.2542 -1.44983 7.94337e-07
15.678 -1.44983 6.27398e-07
16.1017 -1.44983 5.31245e-07
16.5254 -1.44983 4.14696e-07
16.9492 -1.44983 3.30331e-07
17.3729 -1.44983 2.79483e-07
17.7966 -1.44983 2.15603e-07
18.2203 -1.44983 1.85875e-07
18.6441 -1.44983 1.57809e-07
19.0678 -1.44983 1.30174e-07
19.4915 -1.44983 1.15307e-07
19.9153 -1.44983 9.25756e-08
20.339 -1.44983 7.60356e-08
20.7627 -1.44983 6.38557e-08
21.1864 -1.44983 5.32536e-08
21.6102 -1.44983 4.47968e-08
22.0339 -1.44983 3.93457e-08
22.4576 -1.44983 3.52907e-08
22.8814 -1.44983 2.86313e-08
23.3051 -1.44983 2.2446e-08
23.7288 -1.44983 2.15447e-08
24.1525 -1.44983 1.7756e-08
24.5763 -1.44983 1.56667e-08
25 -1.44983 1.2207e-08

0 -1.42475 0
0.423729 -1.42475 5.90679e-08
0.847458 -1.42475 2.48204e-07
1.27119 -1.42475 5.6464e-07
1.69492 -1.42475 1.02539e-06
2.11864 -1.42475 1.61421e-06
2.54237 -1.42475 2.52835e-06
2.9661 -1.42475 3.66963e-06
3.38983 -1.42475 4.86499e-06
3.81356 -1.42475 6.27424e-06
4.23729 -1.42475 8.56192e-06
4.66102 -1.42475 9.49809e-06
5.08475 -1.42475 1.08535e-05
5.50847 -1.42475 1.27242e-05
5.9322 -1.42475 1.41117e-05
6.35593 -1.42475 1.65892e-05
6.77966 -1.42475 1.61081e-05
7.20339 -1.42475 1.66089e-05
7.62712 -1.42475 1.67869e-05
8.05085 -1.42475 1.62278e-05
8.47458 -1.42475 1.61217e-05
8.89831 -1.42475 1.53715e-05
9.32203 -1.42475 1.46747e-05
9.74576 -1.42475 1.38288e-05
10.1695 -1.42475 1.2275e-05
10.5932 -1.42475 1.11917e-05
11.0169 -1.42475 9.58671e-06
11.4407 -1.42475 8.35239e-06
11.8644 -1.42475 7.66417e-06
12.2881 -1.42475 5.51892e-06
12.7119 -1.42475 4.16853e-06
13.1356 -1.42475 3.22618e-06
13.5593 -1.42475 2.45248e-06
13.9831 -1.42475 1.93285e-06
14.4068 -1.42475 1.51335e-06
14.8305 -1.42475 1.16892e-06
15.2542 -1.42475 9.84076e-07
15.678 -1.42475 7.63584e-07
16.1017 -1.42475 6.33038e-07
16.5254 -1.42475 5.02381e-07
16.9492 -1.42475 4.0482e-07
17.3729 -1.42475 3.38646e-07
17.7966 -1.42475 2.66405e-07
18.2203 -1.42475 2.29487e-07
18.6441 -1.42475 1.93911e-07
19.0678 -1.42475 1.60492e-07
19.4915 -1.42475 1.39629e-07
19.9153 -1.42475 1.11978e-07
20.339 -1.42475 9.47666e-08
20.7627 -1.42475 7.85814e-08
21.1864 -1.42475 6.49612e-08
21.6102 -1.42475 5.35891e-08
22.0339 -1.42475 4.75586e-08
22.4576 -1.42475 4.25529e-08
22.8814 -1.42475 3.46908e-08
23.3051 -1.42475 2.78586e-08
23.7288 -1.42475 2.54e-08
24.1525 -1.42475 2.14742e-08
24.5763 -1.42475 1.92172e-08
25 -1.42475 1.49335e-08

0 -1.39966 0
0.423729 -1.39966 7.21479e-08
0.847458 -1.39966 3.09947e-07
1.27119 -1.39966 6.70374e-07
1.69492 -1.39966 1.20605e-06
2.11864 -1.39966 1.95056e-06
2.54237 -1.39966 3.11259e-06
2.9661 -1.39966 4.42026e-06
3.38983 -1.39966 5.88754e-06
3.81356 -1.39966 7.64424e-06
4.23729 -1.39966 1.03651e-05
4.66102 -1.39966 1.18302e-05
5.08475 -1.39966 1.35228e-05
5.50847 -1.39966 1.53967e-05
5.9322 -1.39966 1.71486e-05
6.35593 -1.39966 2.05869e-05
6.77966 -1.39966 1.94468e-05
7.20339 -1.39966 2.06652e-05
7.62712 -1.39966 2.04773e-05
8.05085 -1.39966 1.98955e-05
8.47458 -1.39966 1.97003e-05
8.89831 -1.39966 1.88637e-05
9.32203 -1.39966 1.78014e-05
9.74576 -1.39966 1.68633e-05
10.1695 -1.39966 1.49436e-05
10.5932 -1.39966 1.36723e-05
11.0169 -1.39966 1.20352e-05
11.4407 -1.39966 1.00819e-05
11.8644 -1.39966 9.23049e-06
12.2881 -1.39966 6.6366e-06
12.7119 -1.39966 5.20383e-06
13.1356 -1.39966 3.87588e-06
13.5593 -1.39966 2.98552e-06
13.9831 -1.39966 2.35191e-06
14.4068 -1.39966 1.86359e-06
14.8305 -1.39966 1.44814e-06
15.2542 -1.39966 1.21526e-06
15.678 -1.39966 9.3801e-07
16.1017 -1.39966 7.56369e-07
16.5254 -1.39966 6.08865e-07
16.9492 -1.39966 4.97662e-07
17.3729 -1.39966 4.10914e-07
17.7966 -1.39966 3.31643e-07
18.2203 -1.39966 2.82898e-07
18.6441 -1.39966 2.36923e-07
19.0678 -1.39966 1.97333e-07
19.4915 -1.39966 1.67954e-07
19.9153 -1.39966 1.35149e-07
20.339 -1.39966 1.17448e-07
20.7627 -1.39966 9.63876e-08
21.1864 -1.39966 7.89054e-08
21.6102 -1.39966 6.45007e-08
22.0339 -1.39966 5.73263e-08
22.4576 -1.39966 5.10045e-08
22.8814 -1.39966 4.19143e-08
23.3051 -1.39966 3.48916e-08
23.7288 -1.39966 3.01192e-08
24.1525 -1.39966 2.60258e-08
24.5763 -1.39966 2.34037e-08
25 -1.39966 1.85179e-08

0 -1.37458 0
0.423729 -1.37458 8.78901e-08
0.847458 -1.37458 3.82871e-07
1.27119 -1.37458 7.99036e-07
1.69492 -1.37458 1.42794e-06
2.11864 -1.37458 2.3646e-06
2.54237 -1.37458 3.80567e-06
2.9661 -1.37458 5.31287e-06
3.38983 -1.37458 7.11145e-06
3.81356 -1.37458 9.29085e-06
4.23729 -1.37458 1.24547e-05
4.66102 -1.37458 1.44237e-05
5.08475 -1.37458 1.63582e-05
5.50847 -1.37458 1.85931e-05
5.9322 -1.37458 2.07874e-05
6.35593 -1.37458 2.51961e-05
6.77966 -1.37458 2.34595e-05
7.20339 -1.37458 2.54968e-05
7.62712 -1.37458 2.48739e-05
8.05085 -1.37458 2.43829e-05
8.47458 -1.37458 2.41591e-05
8.89831 -1.37458 2.32249e-05
9.32203 -1.37458 2.17862e-05
9.74576 -1.37458 2.04022e-05
10.1695 -1.37458 1.83357e-05
10.5932 -1.37458 1.67625e-05
11.0169 -1.37458 1.50166e-05
11.4407 -1.37458 1.21671e-05
11.8644 -1.37458 1.10255e-05
12.2881 -1.37458 7.9731e-06
12.7119 -1.37458 6.44744e-06
13.1356 -1.37458 4.67571e-06
13.5593 -1.37458 3.64525e-06
13.9831 -1.37458 2.87687e-06
14.4068 -1.37458 2.29637e-06
14.8305 -1.37458 1.79911e-06
15.2542 -1.37458 1.49257e-06
15.678 -1.37458 1.1562e-06
16.1017 -1.37458 9.08116e-07
16.5254 -1.37458 7.39437e-07
16.9492 -1.37458 6.11469e-07
17.3729 -1.37458 4.97423e-07
17.7966 -1.37458 4.13478e-07
18.2203 -1.37458 3.47254e-07
18.6441 -1.37458 2.87846e-07
19.0678 -1.37458 2.4145e-07
19.4915 -1.37458 2.01047e-07
19.9153 -1.37458 1.63097e-07
20.339 -1.37458 1.44451e-07
20.7627 -1.37458 1.18111e-07
21.1864 -1.37458 9.61703e-08
21.6102 -1.37458 7.82105e-08
22.0339 -1.37458 6.9016e-08
22.4576 -1.37458 6.09257e-08
22.8814 -1.37458 5.05996e-08
23.3051 -1.37458 4.37997e-08
23.7288 -1.37458 3.59872e-08
24.1525 -1.37458 3.17149e-08
24.5763 -1.37458 2.83225e-08
25 -1.37458 2.30973e-08

0 -1.34949 3.19407e-41
0.423729 -1.34949 1.06827e-07
0.847458 -1.34949 4.67882e-07
1.27119 -1.34949 9.58458e-07
1.69492 -1.34949 1.70519e-06
2.11864 -1.34949 2.88381e-06
2.54237 -1.34949 4.62166e-06
2.9661 -1.34949 6.362e-06
3.38983 -1.34949 8.5864e-06
3.81356 -1.34949 1.12747e-05
4.23729 -1.34949 1.4884e-05
4.66102 -1.34949 1.7485e-05
5.08475 -1.34949 2.00037e-05
5.50847 -1.34949 2.23934e-05
5.9322 -1.34949 2.51774e-05
6.35593 -1.34949 3.04664e-05
6.77966 -1.34949 2.83408e-05
7.20339 -1.34949 3.11821e-05
7.62712 -1.34949 3.01197e-05
8.05085 -1.34949 2.99431e-05
8.47458 -1.34949 2.96104e-05
8.89831 -1.34949 2.85665e-05
9.32203 -1.34949 2.67257e-05
9.74576 -1.34949 2.49039e-05
10.1695 -1.34949 2.26561e-05
10.5932 -1.34949 2.04198e-05
11.0169 -1.34949 1.85804e-05
11.4407 -1.34949 1.47062e-05
11.8644 -1.34949 1.30933e-05
12.2881 -1.34949 9.5911e-06
12.7119 -1.34949 7.91874e-06
13.1356 -1.34949 5.67271e-06
13.5593 -1.34949 4.41928e-06
13.9831 -1.34949 3.52354e-06
14.4068 -1.34949 2.82229e-06
14.8305 -1.34949 2.2306e-06
15.2542 -1.34949 1.82173e-06
15.678 -1.34949 1.42379e-06
16.1017 -1.34949 1.09731e-06
16.5254 -1.34949 9.02544e-07
16.9492 -1.34949 7.49275e-07
17.3729 -1.34949 6.0384e-07
17.7966 -1.34949 5.13945e-07
18.2203 -1.34949 4.23936e-07
18.6441 -1.34949 3.48089e-07
19.0678 -1.34949 2.93791e-07
19.4915 -1.34949 2.40145e-07
19.9153 -1.34949 1.97217e-07
20.339 -1.34949 1.76221e-07
20.7627 -1.34949 1.43849e-07
21.1864 -1.34949 1.17282e-07
21.6102 -1.34949 9.5583e-08
22.0339 -1.34949 8.31311e-08
22.4576 -1.34949 7.27224e-08
22.8814 -1.34949 6.11594e-08
23.3051 -1.34949 5.46327e-08
23.7288 -1.34949 4.33683e-08
24.1525 -1.34949 3.87045e-08
24.5763 -1.34949 3.41132e-08
25 -1.34949 2.88003e-08

0 -1.32441 3.88418e-41
0.423729 -1.32441 1.29689e-07
0.847458 -1.32441 5.66292e-07
1.27119 -1.32441 1.15897e-06
1.69492 -1.32441 2.05596e-06
2.11864 -1.32441 3.51736e-06
2.54237 -1.32441 5.5799e-06
2.9661 -1.32441 7.60846e-06
3.38983 -1.32441 1.03791e-05
3.81356 -1.32441 1.36786e-05
4.23729 -1.32441 1.77416e-05
4.66102 -1.32441 2.08407e-05
5.08475 -1.32441 2.45832e-05
5.50847 -1.32441 2.73138e-05
5.9322 -1.32441 3.05473e-05
6.35593 -1.32441 3.64835e-05
6.77966 -1.32441 3.43939e-05
7.20339 -1.32441 3.7828e-05
7.62712 -1.32441 3.6414e-05
8.05085 -1.32441 3.66984e-05
8.47458 -1.32441 3.61891e-05
8.89831 -1.32441 3.50124e-05
9.32203 -1.32441 3.28076e-05
9.74576 -1.32441 3.05105e-05
10.1695 -1.32441 2.71753e-05
10.5932 -1.32441 2.49143e-05
11.0169 -1.32441 2.2785e-05
11.4407 -1.32441 1.78832e-05
11.8644 -1.32441 1.55009e-05
12.2881 -1.32441 1.15754e-05
12.7119 -1.32441 9.64267e-06
13.1356 -1.32441 6.92776e-06
13.5593 -1.32441 5.25743e-06
13.9831 -1.32441 4.31e-06
14.4068 -1.32441 3.45339e-06
14.8305 -1.32441 2.75163e-06
15.2542 -1.32441 2.21043e-06
15.678 -1.32441 1.74694e-06
16.1017 -1.32441 1.33554e-06
16.5254 -1.32441 1.10643e-06
16.9492 -1.32441 9.14877e-07
17.3729 -1.32441 7.3853e-07
17.7966 -1.32441 6.35065e-07
18.2203 -1.32441 5.14785e-07
18.6441 -1.32441 4.19677e-07
19.0678 -1.32441 3.55648e-07
19.4915 -1.32441 2.87012e-07
19.9153 -1.32441 2.3939e-07
20.339 -1.32441 2.13374e-07
20.7627 -1.32441 1.74244e-07
21.1864 -1.32441 1.42899e-07
21.6102 -1.32441 1.17699e-07
22.0339 -1.32441 1.00351e-07
22.4576 -1.32441 8.69628e-08
22.8814 -1.32441 7.41536e-08
23.3051 -1.32441 6.75533e-08
23.7288 -1.32441 5.27199e-08
24.1525 -1.32441 4.71867e-08
24.5763 -1.32441 4.09771e-08
25 -1.32441 3.57483e-08

0 -1.29932 1.18638e-41
0.423729 -1.29932 1.57473e-07
0.847458 -1.29932 6.80135e-07
1.27119 -1.29932 1.4139e-06
1.69492 -1.29932 2.50314e-06
2.11864 -1.29932 4.28248e-06
2.54237 -1.29932 6.70785e-06
2.9661 -1.29932 9.11021e-06
3.38983 -1.29932 1.25778e-05
3.81356 -1.29932 1.66154e-05
4.23729 -1.29932 2.11796e-05
4.66102 -1.29932 2.45938e-05
5.08475 -1.29932 3.02291e-05
5.50847 -1.29932 3.35302e-05
5.9322 -1.29932 3.71117e-05
6.35593 -1.29932 4.33897e-05
6.77966 -1.29932 4.17295e-05
7.20339 -1.29932 4.5591e-05
7.62712 -1.29932 4.40322e-05
8.05085 -1.29932 4.48138e-05
8.47458 -1.29932 4.40621e-05
8.89831 -1.29932 4.27143e-05
9.32203 -1.29932 4.03295e-05
9.74576 -1.29932 3.73795e-05
10.1695 -1.29932 3.2961e-05
10.5932 -1.29932 3.03862e-05
11.0169 -1.29932 2.77094e-05
11.4407 -1.29932 2.17895e-05
11.8644 -1.29932 1.83458e-05
12.2881 -1.29932 1.40382e-05
12.7119 -1.29932 1.16548e-05
13.1356 -1.29932 8.51808e-06
13.5593 -1.29932 6.39935e-06
13.9831 -1.29932 5.25837e-06
14.4068 -1.29932 4.20473e-06
14.8305 -1.29932 3.37262e-06
15.2542 -1.29932 2.66956e-06
15.678 -1.29932 2.13305e-06
16.1017 -1.29932 1.63742e-06
16.5254 -1.29932 1.35765e-06
16.9492 -1.29932 1.11332e-06
17.3729 -1.29932 9.05488e-07
17.7966 -1.29932 7.7908e-07
18.2203 -1.29932 6.22392e-07
18.6441 -1.29932 5.05494e-07
19.0678 -1.29932 4.2886e-07
19.4915 -1.29932 3.4408e-07
19.9153 -1.29932 2.92095e-07
20.339 -1.29932 2.56812e-07
20.7627 -1.29932 2.10206e-07
21.1864 -1.29932 1.74081e-07
21.6102 -1.29932 1.45891e-07
22.0339 -1.29932 1.21576e-07
22.4576 -1.29932 1.0442e-07
22.8814 -1.29932 9.03226e-08
23.3051 -1.29932 8.27527e-08
23.7288 -1.29932 6.46062e-08
24.1525 -1.29932 5.74037e-08
24.5763 -1.29932 4.91995e-08
25 -1.29932 4.4068e-08

0 -1.27424 0
0.423729 -1.27424 1.91101e-07
0.847458 -1.27424 8.12556e-07
1.27119 -1.27424 1.74008e-06
1.69492 -1.27424 3.07499e-06
2.11864 -1.27424 5.20184e-06
2.54237 -1.27424 8.0446e-06
2.9661 -1.27424 1.09471e-05
3.38983 -1.27424 1.52973e-05
3.81356 -1.27424 2.02356e-05
4.23729 -1.27424 2.53845e-05
4.66102 -1.27424 2.97407e-05
5.08475 -1.27424 3.70919e-05
5.50847 -1.27424 4.12286e-05
5.9322 -1.27424 4.51e-05
6.35593 -1.27424 5.14068e-05
6.77966 -1.27424 5.06234e-05
7.20339 -1.27424 5.47023e-05
7.62712 -1.27424 5.33488e-05
8.05085 -1.27424 5.44979e-05
8.47458 -1.27424 5.34513e-05
8.89831 -1.27424 5.18738e-05
9.32203 -1.27424 4.94768e-05
9.74576 -1.27424 4.56973e-05
10.1695 -1.27424 4.05249e-05
10.5932 -1.27424 3.70091e-05
11.0169 -1.27424 3.34686e-05
11.4407 -1.27424 2.6525e-05
11.8644 -1.27424 2.17649e-05
12.2881 -1.27424 1.70652e-05
12.7119 -1.27424 1.40081e-05
13.1356 -1.27424 1.05401e-05
13.5593 -1.27424 7.89931e-06
13.9831 -1.27424 6.39739e-06
14.4068 -1.27424 5.09655e-06
14.8305 -1.27424 4.10707e-06
15.2542 -1.27424 3.21481e-06
15.678 -1.27424 2.59189e-06
16.1017 -1.27424 2.01914e-06
16.5254 -1.27424 1.66338e-06
16.9492 -1.27424 1.35152e-06
17.3729 -1.27424 1.10911e-06
17.7966 -1.27424 9.48817e-07
18.2203 -1.27424 7.5046e-07
18.6441 -1.27424 6.10341e-07
19.0678 -1.27424 5.16052e-07
19.4915 -1.27424 4.14608e-07
19.9153 -1.27424 3.56145e-07
20.339 -1.27424 3.07866e-07
20.7627 -1.27424 2.53027e-07
21.1864 -1.27424 2.12585e-07
21.6102 -1.27424 1.78207e-07
22.0339 -1.27424 1.47979e-07
22.4576 -1.27424 1.26117e-07
22.8814 -1.27424 1.09991e-07
23.3051 -1.27424 1.00494e-07
23.7288 -1.27424 7.97138e-08
24.1525 -1.27424 6.96774e-08
24.5763 -1.27424 5.91754e-08
25 -1.27424 5.39102e-08

0 -1.24915 0
0.423729 -1.24915 2.31594e-07
0.847458 -1.24915 9.68257e-07
1.27119 -1.24915 2.15303e-06
1.69492 -1.24915 3.80599e-06
2.11864 -1.24915 6.30648e-06
2.54237 -1.24915 9.64499e-06
2.9661 -1.24915 1.32262e-05
3.38983 -1.24915 1.86847e-05
3.81356 -1.24915 2.4664e-05
4.23729 -1.24915 3.06035e-05
4.66102 -1.24915 3.65675e-05
5.08475 -1.24915 4.53557e-05
5.50847 -1.24915 5.06154e-05
5.9322 -1.24915 5.48618e-05
6.35593 -1.24915 6.08632e-05
6.77966 -1.24915 6.14592e-05
7.20339 -1.24915 6.54981e-05
7.62712 -1.24915 6.48522e-05
8.05085 -1.24915 6.6032e-05
8.47458 -1.24915 6.46622e-05
8.89831 -1.24915 6.27719e-05
9.32203 -1.24915 6.04686e-05
9.74576 -1.24915 5.57015e-05
10.1695 -1.24915 5.01433e-05
10.5932 -1.24915 4.50066e-05
11.0169 -1.24915 4.02322e-05
11.4407 -1.24915 3.2264e-05
11.8644 -1.24915 2.59436e-05
12.2881 -1.24915 2.07847e-05
12.7119 -1.24915 1.67801e-05
13.1356 -1.24915 1.25572e-05
13.5593 -1.24915 9.80944e-06
13.9831 -1.24915 7.76576e-06
14.4068 -1.24915 6.15695e-06
14.8305 -1.24915 4.97379e-06
15.2542 -1.24915 3.86841e-06
15.678 -1.24915 3.13697e-06
16.1017 -1.24915 2.44679e-06
16.5254 -1.24915 2.03197e-06
16.9492 -1.24915 1.64439e-06
17.3729 -1.24915 1.35463e-06
17.7966 -1.24915 1.14819e-06
18.2203 -1.24915 9.04234e-07
18.6441 -1.24915 7.39656e-07
19.0678 -1.24915 6.20917e-07
19.4915 -1.24915 5.02853e-07
19.9153 -1.24915 4.33769e-07
20.339 -1.24915 3.68468e-07
20.7627 -1.24915 3.04515e-07
21.1864 -1.24915 2.59396e-07
21.6102 -1.24915 2.15953e-07
22.0339 -1.24915 1.81059e-07
22.4576 -1.24915 1.53377e-07
22.8814 -1.24915 1.33797e-07
23.3051 -1.24915 1.21167e-07
23.7288 -1.24915 9.78178e-08
24.1525 -1.24915 8.44475e-08
24.5763 -1.24915 7.1438e-08
25 -1.24915 6.54785e-08

0 -1.22407 0
0.423729 -1.22407 2.81225e-07
0.847458 -1.22407 1.15403e-06
1.27119 -1.22407 2.63681e-06
1.69492 -1.22407 4.7376e-06
2.11864 -1.22407 7.63952e-06
2.54237 -1.22407 1.15842e-05
2.9661 -1.22407 1.60873e-05
3.38983 -1.22407 2.27574e-05
3.81356 -1.22407 3.00786e-05
4.23729 -1.22407 3.71567e-05
4.66102 -1.22407 4.53638e-05
5.08475 -1.22407 5.52622e-05
5.50847 -1.22407 6.19384e-05
5.9322 -1.22407 6.68607e-05
6.35593 -1.22407 7.22237e-05
6.77966 -1.22407 7.47407e-05
7.20339 -1.22407 7.84541e-05
7.62712 -1.22407 7.89139e-05
8.05085 -1.22407 7.98049e-05
8.47458 -1.22407 7.81188e-05
8.89831 -1.22407 7.63214e-05
9.32203 -1.22407 7.35875e-05
9.74576 -1.22407 6.77107e-05
10.1695 -1.22407 6.20871e-05
10.5932 -1.22407 5.46747e-05
11.0169 -1.22407 4.82471e-05
11.4407 -1.22407 3.92431e-05
11.8644 -1.22407 3.11269e-05
12.2881 -1.22407 2.5389e-05
12.7119 -1.22407 2.00828e-05
13.1356 -1.22407 1.49139e-05
13.5593 -1.22407 1.21774e-05
13.9831 -1.22407 9.41632e-06
14.4068 -1.22407 7.42624e-06
14.8305 -1.22407 5.99975e-06
15.2542 -1.22407 4.66124e-06
15.678 -1.22407 3.78734e-06
16.1017 -1.22407 2.98326e-06
16.5254 -1.22407 2.47378e-06
16.9492 -1.22407 2.00028e-06
17.3729 -1.22407 1.64875e-06
17.7966 -1.22407 1.38281e-06
18.2203 -1.22407 1.09262e-06
18.6441 -1.22407 8.98697e-07
19.0678 -1.22407 7.48547e-07
19.4915 -1.22407 6.14269e-07
19.9153 -1.22407 5.16363e-07
20.339 -1.22407 4.41347e-07
20.7627 -1.22407 3.67153e-07
21.1864 -1.22407 3.15867e-07
21.6102 -1.22407 2.61943e-07
22.0339 -1.22407 2.22704e-07
22.4576 -1.22407 1.87883e-07
22.8814 -1.22407 1.62639e-07
23.3051 -1.22407 1.45358e-07
23.7288 -1.22407 1.19031e-07
24.1525 -1.22407 1.02317e-07
24.5763 -1.22407 8.66905e-08
25 -1.22407 7.90655e-08

0 -1.19898 0
0.423729 -1.19898 3.41307e-07
0.847458 -1.19898 1.37933e-06
1.27119 -1.19898 3.22323e-06
1.69492 -1.19898 5.72627e-06
2.11864 -1.19898 9.26059e-06
2.54237 -1.19898 1.39633e-05
2.9661 -1.19898 1.971e-05
3.38983 -1.19898 2.77373e-05
3.81356 -1.19898 3.66605e-05
4.23729 -1.19898 4.54503e-05
4.66102 -1.19898 5.64041e-05
5.08475 -1.19898 6.71404e-05
5.50847 -1.19898 7.5518e-05
5.9322 -1.19898 8.13282e-05
6.35593 -1.19898 8.61229e-05
6.77966 -1.19898 9.11237e-05
7.20339 -1.19898 9.42248e-05
7.62712 -1.19898 9.60551e-05
8.05085 -1.19898 9.63558e-05
8.47458 -1.19898 9.44063e-05
8.89831 -1.19898 9.26522e-05
9.32203 -1.19898 8.92195e-05
9.74576 -1.19898 8.21636e-05
10.1695 -1.19898 7.66304e-05
10.5932 -1.19898 6.64085e-05
11.0169 -1.19898 5.78628e-05
11.4407 -1.19898 4.77829e-05
11.8644 -1.19898 3.76308e-05
12.2881 -1.19898 3.0479e-05
12.7119 -1.19898 2.40723e-05
13.1356 -1.19898 1.80716e-05
13.5593 -1.19898 1.50476e-05
13.9831 -1.19898 1.1421e-05
14.4068 -1.19898 8.97666e-06
14.8305 -1.19898 7.22336e-06
15.2542 -1.19898 5.63527e-06
15.678 -1.19898 4.56971e-06
16.1017 -1.19898 3.64483e-06
16.5254 -1.19898 3.00237e-06
16.9492 -1.19898 2.42933e-06
17.3729 -1.19898 2.00058e-06
17.7966 -1.19898 1.66078e-06
18.2203 -1.19898 1.32493e-06
18.6441 -1.19898 1.09591e-06
19.0678 -1.19898 9.05799e-07
19.4915 -1.19898 7.55705e-07
19.9153 -1.19898 6.20037e-07
20.339 -1.19898 5.30252e-07
20.7627 -1.19898 4.44269e-07
21.1864 -1.19898 3.83778e-07
21.6102 -1.19898 3.14461e-07
22.0339 -1.19898 2.72258e-07
22.4576 -1.19898 2.31729e-07
22.8814 -1.19898 1.97699e-07
23.3051 -1.19898 1.73929e-07
23.7288 -1.19898 1.44718e-07
24.1525 -1.19898 1.24107e-07
24.5763 -1.19898 1.05842e-07
25 -1.19898 9.50977e-08

0 -1.1739 0
0.423729 -1.1739 4.14906e-07
0.847458 -1.1739 1.65695e-06
1.27119 -1.1739 3.84506e-06
1.69492 -1.1739 6.96066e-06
2.11864 -1.1739 1.1251e-05
2.54237 -1.1739 1.69146e-05
2.9661 -1.1739 2.43195e-05
3.38983 -1.1739 3.37887e-05
3.81356 -1.1739 4.46308e-05
4.23729 -1.1739 5.59905e-05
4.66102 -1.1739 7.00415e-05
5.08475 -1.1739 8.14442e-05
5.50847 -1.1739 9.20858e-05
5.9322 -1.1739 9.87602e-05
6.35593 -1.1739 0.000103402
6.77966 -1.1739 0.00010991
7.20339 -1.1739 0.000113688
7.62712 -1.1739 0.000117047
8.05085 -1.1739 0.000116425
8.47458 -1.1739 0.000114319
8.89831 -1.1739 0.000112245
9.32203 -1.1739 0.000107904
9.74576 -1.1739 9.97449e-05
10.1695 -1.1739 9.40778e-05
10.5932 -1.1739 8.07352e-05
11.0169 -1.1739 6.95609e-05
11.4407 -1.1739 5.80258e-05
11.8644 -1.1739 4.58547e-05
12.2881 -1.1739 3.69972e-05
12.7119 -1.1739 2.89612e-05
13.1356 -1.1739 2.21743e-05
13.5593 -1.1739 1.84665e-05
13.9831 -1.1739 1.38767e-05
14.4068 -1.1739 1.08535e-05
14.8305 -1.1739 8.69844e-06
15.2542 -1.1739 6.84615e-06
15.678 -1.1739 5.52083e-06
16.1017 -1.1739 4.45104e-06
16.5254 -1.1739 3.63598e-06
16.9492 -1.1739 2.9479e-06
17.3729 -1.1739 2.42269e-06
17.7966 -1.1739 1.99351e-06
18.2203 -1.1739 1.61325e-06
18.6441 -1.1739 1.34212e-06
19.0678 -1.1739 1.10171e-06
19.4915 -1.1739 9.35629e-07
19.9153 -1.1739 7.58227e-07
20.339 -1.1739 6.40199e-07
20.7627 -1.1739 5.40237e-07
21.1864 -1.1739 4.65544e-07
21.6102 -1.1739 3.79979e-07
22.0339 -1.1739 3.32334e-07
22.4576 -1.1739 2.8035e-07
22.8814 -1.1739 2.40542e-07
23.3051 -1.1739 2.08112e-07
23.7288 -1.1739 1.75936e-07
24.1525 -1.1739 1.50917e-07
24.5763 -1.1739 1.30044e-07
25 -1.1739 1.14188e-07

0 -1.14881 0
0.423729 -1.14881 5.06477e-07
0.847458 -1.14881 2.00374e-06
1.27119 -1.14881 4.65198e-06
1.69492 -1.14881 8.49233e-06
2.11864 -1.14881 1.37195e-05
2.54237 -1.14881 2.06088e-05
2.9661 -1.14881 2.97786e-05
3.38983 -1.14881 4.11173e-05
3.81356 -1.14881 5.4282e-05
4.23729 -1.14881 6.90015e-05
4.66102 -1.14881 8.65745e-05
5.08475 -1.14881 9.87968e-05
5.50847 -1.14881 0.000112096
5.9322 -1.14881 0.000120703
6.35593 -1.14881 0.000125148
6.77966 -1.14881 0.00013416
7.20339 -1.14881 0.000137993
7.62712 -1.14881 0.000141917
8.05085 -1.14881 0.000141011
8.47458 -1.14881 0.000138914
8.89831 -1.14881 0.000135866
9.32203 -1.14881 0.000130395
9.74576 -1.14881 0.00012151
10.1695 -1.14881 0.000114808
10.5932 -1.14881 9.84159e-05
11.0169 -1.14881 8.39875e-05
11.4407 -1.14881 7.05798e-05
11.8644 -1.14881 5.62954e-05
12.2881 -1.14881 4.53183e-05
12.7119 -1.14881 3.5031e-05
13.1356 -1.14881 2.73686e-05
13.5593 -1.14881 2.24915e-05
13.9831 -1.14881 1.68842e-05
14.4068 -1.14881 1.3151e-05
14.8305 -1.14881 1.04987e-05
15.2542 -1.14881 8.36624e-06
15.678 -1.14881 6.69036e-06
16.1017 -1.14881 5.42682e-06
16.5254 -1.14881 4.39936e-06
16.9492 -1.14881 3.57808e-06
17.3729 -1.14881 2.93253e-06
17.7966 -1.14881 2.3968e-06
18.2203 -1.14881 1.97426e-06
18.6441 -1.14881 1.63019e-06
19.0678 -1.14881 1.34795e-06
19.4915 -1.14881 1.12976e-06
19.9153 -1.14881 9.36001e-07
20.339 -1.14881 7.77748e-07
20.7627 -1.14881 6.60688e-07
21.1864 -1.14881 5.64464e-07
21.6102 -1.14881 4.66287e-07
22.0339 -1.14881 4.06416e-07
22.4576 -1.14881 3.41923e-07
22.8814 -1.14881 2.89388e-07
23.3051 -1.14881 2.49614e-07
23.7288 -1.14881 2.14111e-07
24.1525 -1.14881 1.83883e-07
24.5763 -1.14881 1.57429e-07
25 -1.14881 1.37197e-07

0 -1.12373 0
0.423729 -1.12373 6.18078e-07
0.847458 -1.12373 2.4414e-06
1.27119 -1.12373 5.67046e-06
1.69492 -1.12373 1.03722e-05
2.11864 -1.12373 1.67128e-05
2.54237 -1.12373 2.52615e-05
2.9661 -1.12373 3.60021e-05
3.38983 -1.12373 5.00034e-05
3.81356 -1.12373 6.60053e-05
4.23729 -1.12373 8.32358e-05
4.66102 -1.12373 0.000106302
5.08475 -1.12373 0.000120038
5.50847 -1.12373 0.000136114
5.9322 -1.12373 0.000147823
6.35593 -1.12373 0.000152738
6.77966 -1.12373 0.000165071
7.20339 -1.12373 0.000168613
7.62712 -1.12373 0.000172301
8.05085 -1.12373 0.000171438
8.47458 -1.12373 0.000169577
8.89831 -1.12373 0.000164566
9.32203 -1.12373 0.000157729
9.74576 -1.12373 0.000147811
10.1695 -1.12373 0.000139335
10.5932 -1.12373 0.000120177
11.0169 -1.12373 0.00010199
11.4407 -1.12373 8.63903e-05
11.8644 -1.12373 6.9561e-05
12.2881 -1.12373 5.57036e-05
12.7119 -1.12373 4.26468e-05
13.1356 -1.12373 3.38018e-05
13.5593 -1.12373 2.72037e-05
13.9831 -1.12373 2.0538e-05
14.4068 -1.12373 1.59951e-05
14.8305 -1.12373 1.27225e-05
15.2542 -1.12373 1.02878e-05
15.678 -1.12373 8.14395e-06
16.1017 -1.12373 6.60543e-06
16.5254 -1.12373 5.32587e-06
16.9492 -1.12373 4.34955e-06
17.3729 -1.12373 3.55396e-06
17.7966 -1.12373 2.89195e-06
18.2203 -1.12373 2.41713e-06
18.6441 -1.12373 1.97683e-06
19.0678 -1.12373 1.65255e-06
19.4915 -1.12373 1.37208e-06
19.9153 -1.12373 1.15784e-06
20.339 -1.12373 9.51306e-07
20.7627 -1.12373 8.11158e-07
21.1864 -1.12373 6.85028e-07
21.6102 -1.12373 5.765e-07
22.0339 -1.12373 4.96598e-07
22.4576 -1.12373 4.19555e-07
22.8814 -1.12373 3.51639e-07
23.3051 -1.12373 3.00734e-07
23.7288 -1.12373 2.61142e-07
24.1525 -1.12373 2.21956e-07
24.5763 -1.12373 1.91549e-07
25 -1.12373 1.65303e-07

0 -1.09864 0
0.423729 -1.09864 7.52532e-07
0.847458 -1.09864 2.99733e-06
1.27119 -1.09864 6.94726e-06
1.69492 -1.09864 1.26625e-05
2.11864 -1.09864 2.03962e-05
2.54237 -1.09864 3.09696e-05
2.9661 -1.09864 4.40097e-05
3.38983 -1.09864 6.08302e-05
3.81356 -1.09864 8.03243e-05
4.23729 -1.09864 0.000101172
4.66102 -1.09864 0.000129621
5.08475 -1.09864 0.000145833
5.50847 -1.09864 0.00016502
5.9322 -1.09864 0.000180885
6.35593 -1.09864 0.000187887
6.77966 -1.09864 0.000203553
7.20339 -1.09864 0.000207406
7.62712 -1.09864 0.000210607
8.05085 -1.09864 0.000209422
8.47458 -1.09864 0.000206553
8.89831 -1.09864 0.000199763
9.32203 -1.09864 0.00019131
9.74576 -1.09864 0.000179713
10.1695 -1.09864 0.000168388
10.5932 -1.09864 0.000146634
11.0169 -1.09864 0.000124656
11.4407 -1.09864 0.000105932
11.8644 -1.09864 8.53563e-05
12.2881 -1.09864 6.84302e-05
12.7119 -1.09864 5.22728e-05
13.1356 -1.09864 4.16288e-05
13.5593 -1.09864 3.27318e-05
13.9831 -1.09864 2.49825e-05
14.4068 -1.09864 1.95503e-05
14.8305 -1.09864 1.5499e-05
15.2542 -1.09864 1.25097e-05
15.678 -1.09864 9.96671e-06
16.1017 -1.09864 8.03227e-06
16.5254 -1.09864 6.46001e-06
16.9492 -1.09864 5.28999e-06
17.3729 -1.09864 4.31907e-06
17.7966 -1.09864 3.50703e-06
18.2203 -1.09864 2.92318e-06
18.6441 -1.09864 2.41448e-06
19.0678 -1.09864 2.00857e-06
19.4915 -1.09864 1.67068e-06
19.9153 -1.09864 1.42901e-06
20.339 -1.09864 1.17145e-06
20.7627 -1.09864 9.82092e-07
21.1864 -1.09864 8.33257e-07
21.6102 -1.09864 7.13547e-07
22.0339 -1.09864 6.05506e-07
22.4576 -1.09864 5.15384e-07
22.8814 -1.09864 4.30466e-07
23.3051 -1.09864 3.64497e-07
23.7288 -1.09864 3.16752e-07
24.1525 -1.09864 2.71043e-07
24.5763 -1.09864 2.34747e-07
25 -1.09864 2.0008e-07

0 -1.07356 0
0.423729 -1.07356 9.14744e-07
0.847458 -1.07356 3.70558e-06
1.27119 -1.07356 8.53836e-06
1.69492 -1.07356 1.54429e-05
2.11864 -1.07356 2.50274e-05
2.54237 -1.07356 3.76593e-05
2.9661 -1.07356 5.40594e-05
3.38983 -1.07356 7.39854e-05
3.81356 -1.07356 9.76052e-05
4.23729 -1.07356 0.000123419
4.66102 -1.07356 0.000157079
5.08475 -1.07356 0.000177217
5.50847 -1.07356 0.000200003
5.9322 -1.07356 0.000220828
6.35593 -1.07356 0.000232693
6.77966 -1.07356 0.00025054
7.20339 -1.07356 0.000255017
7.62712 -1.07356 0.000257984
8.05085 -1.07356 0.000255784
8.47458 -1.07356 0.000251382
8.89831 -1.07356 0.000243339
9.32203 -1.07356 0.000232996
9.74576 -1.07356 0.000218637
10.1695 -1.07356 0.00020301
10.5932 -1.07356 0.000178611
11.0169 -1.07356 0.000153341
11.4407 -1.07356 0.000129742
11.8644 -1.07356 0.000104219
12.2881 -1.07356 8.38129e-05
12.7119 -1.07356 6.44892e-05
13.1356 -1.07356 5.10278e-05
13.5593 -1.07356 3.93092e-05
13.9831 -1.07356 3.03996e-05
14.4068 -1.07356 2.40272e-05
14.8305 -1.07356 1.89937e-05
15.2542 -1.07356 1.49771e-05
15.678 -1.07356 1.21647e-05
16.1017 -1.07356 9.78349e-06
16.5254 -1.07356 7.86014e-06
16.9492 -1.07356 6.43678e-06
17.3729 -1.07356 5.27023e-06
17.7966 -1.07356 4.27828e-06
18.2203 -1.07356 3.55474e-06
18.6441 -1.07356 2.95628e-06
19.0678 -1.07356 2.45388e-06
19.4915 -1.07356 2.03361e-06
19.9153 -1.07356 1.7553e-06
20.339 -1.07356 1.43074e-06
20.7627 -1.07356 1.19882e-06
21.1864 -1.07356 1.01711e-06
21.6102 -1.07356 8.81081e-07
22.0339 -1.07356 7.36612e-07
22.4576 -1.07356 6.31754e-07
22.8814 -1.07356 5.28281e-07
23.3051 -1.07356 4.44793e-07
23.7288 -1.07356 3.86335e-07
24.1525 -1.07356 3.32797e-07
24.5763 -1.07356 2.88274e-07
25 -1.07356 2.43582e-07

0 -1.04847 0
0.423729 -1.04847 1.11126e-06
0.847458 -1.04847 4.54932e-06
1.27119 -1.04847 1.04825e-05
1.69492 -1.04847 1.88181e-05
2.11864 -1.04847 3.07465e-05
2.54237 -1.04847 4.5993e-05
2.9661 -1.04847 6.64201e-05
3.38983 -1.04847 9.02086e-05
3.81356 -1.04847 0.000118965
4.23729 -1.04847 0.000150657
4.66102 -1.04847 0.000189462
5.08475 -1.04847 0.000215202
5.50847 -1.04847 0.000242657
5.9322 -1.04847 0.000268882
6.35593 -1.04847 0.000284072
6.77966 -1.04847 0.000307076
7.20339 -1.04847 0.000310037
7.62712 -1.04847 0.00031574
8.05085 -1.04847 0.000311143
8.47458 -1.04847 0.00030778
8.89831 -1.04847 0.000297751
9.32203 -1.04847 0.000285202
9.74576 -1.04847 0.000266472
10.1695 -1.04847 0.000244667
10.5932 -1.04847 0.000217211
11.0169 -1.04847 0.000186093
11.4407 -1.04847 0.000158468
11.8644 -1.04847 0.000127262
12.2881 -1.04847 0.000102242
12.7119 -1.04847 7.85949e-05
13.1356 -1.04847 6.22255e-05
13.5593 -1.04847 4.72424e-05
13.9831 -1.04847 3.67529e-05
14.4068 -1.04847 2.91728e-05
14.8305 -1.04847 2.30273e-05
15.2542 -1.04847 1.81967e-05
15.678 -1.04847 1.48492e-05
16.1017 -1.04847 1.19695e-05
16.5254 -1.04847 9.59271e-06
16.9492 -1.04847 7.86315e-06
17.3729 -1.04847 6.43111e-06
17.7966 -1.04847 5.25167e-06
18.2203 -1.04847 4.33145e-06
18.6441 -1.04847 3.61699e-06
19.0678 -1.04847 3.00131e-06
19.4915 -1.04847 2.47361e-06
19.9153 -1.04847 2.14375e-06
20.339 -1.04847 1.73591e-06
20.7627 -1.04847 1.46809e-06
21.1864 -1.04847 1.23473e-06
21.6102 -1.04847 1.08261e-06
22.0339 -1.04847 8.94644e-07
22.4576 -1.04847 7.71465e-07
22.8814 -1.04847 6.47774e-07
23.3051 -1.04847 5.46534e-07
23.7288 -1.04847 4.72734e-07
24.1525 -1.04847 4.08941e-07
24.5763 -1.04847 3.5349e-07
25 -1.04847 2.9844e-07

0 -1.02339 0
0.423729 -1.02339 1.35082e-06
0.847458 -1.02339 5.47246e-06
1.27119 -1.02339 1.2824e-05
1.69492 -1.02339 2.29081e-05
2.11864 -1.02339 3.77083e-05
2.54237 -1.02339 5.62048e-05
2.9661 -1.02339 8.13913e-05
3.38983 -1.02339 0.000110094
3.81356 -1.02339 0.000145088
4.23729 -1.02339 0.00018457
4.66102 -1.02339 0.000227901
5.08475 -1.02339 0.000260845
5.50847 -1.02339 0.000295095
5.9322 -1.02339 0.000326706
6.35593 -1.02339 0.000346271
6.77966 -1.02339 0.000374451
7.20339 -1.02339 0.000376709
7.62712 -1.02339 0.000385472
8.05085 -1.02339 0.000380145
8.47458 -1.02339 0.000377375
8.89831 -1.02339 0.000363094
9.32203 -1.02339 0.000346654
9.74576 -1.02339 0.000324391
10.1695 -1.02339 0.000295386
10.5932 -1.02339 0.000263933
11.0169 -1.02339 0.000227446
11.4407 -1.02339 0.000192954
11.8644 -1.02339 0.000155175
12.2881 -1.02339 0.000124236
12.7119 -1.02339 9.55101e-05
13.1356 -1.02339 7.55298e-05
13.5593 -1.02339 5.69463e-05
13.9831 -1.02339 4.48338e-05
14.4068 -1.02339 3.5494e-05
14.8305 -1.02339 2.80209e-05
15.2542 -1.02339 2.22876e-05
15.678 -1.02339 1.79086e-05
16.1017 -1.02339 1.46564e-05
16.5254 -1.02339 1.17216e-05
16.9492 -1.02339 9.61071e-06
17.3729 -1.02339 7.82852e-06
17.7966 -1.02339 6.40895e-06
18.2203 -1.02339 5.29564e-06
18.6441 -1.02339 4.41446e-06
19.0678 -1.02339 3.66596e-06
19.4915 -1.02339 3.02828e-06
19.9153 -1.02339 2.60381e-06
20.339 -1.02339 2.11658e-06
20.7627 -1.02339 1.79741e-06
21.1864 -1.02339 1.50453e-06
21.6102 -1.02339 1.32242e-06
22.0339 -1.02339 1.08609e-06
22.4576 -1.02339 9.38167e-07
22.8814 -1.02339 7.92182e-07
23.3051 -1.02339 6.6932e-07
23.7288 -1.02339 5.78392e-07
24.1525 -1.02339 5.01368e-07
24.5763 -1.02339 4.31999e-07
25 -1.02339 3.67964e-07

0 -0.998305 0
0.423729 -0.998305 1.64493e-06
0.847458 -0.998305 6.48009e-06
1.27119 -0.998305 1.56193e-05
1.69492 -0.998305 2.79651e-05
2.11864 -0.998305 4.60962e-05
2.54237 -0.998305 6.85796e-05
2.9661 -0.998305 9.93378e-05
3.38983 -0.998305 0.000134249
3.81356 -0.998305 0.000176778
4.23729 -0.998305 0.000226269
4.66102 -0.998305 0.000273993
5.08475 -0.998305 0.000318334
5.50847 -0.998305 0.000359268
5.9322 -0.998305 0.000396575
6.35593 -0.998305 0.000423568
6.77966 -0.998305 0.000454399
7.20339 -0.998305 0.000456381
7.62712 -0.998305 0.000469261
8.05085 -0.998305 0.000464888
8.47458 -0.998305 0.000462008
8.89831 -0.998305 0.00044163
9.32203 -0.998305 0.000422407
9.74576 -0.998305 0.000393248
10.1695 -0.998305 0.000357901
10.5932 -0.998305 0.000320818
11.0169 -0.998305 0.000278597
11.4407 -0.998305 0.000234336
11.8644 -0.998305 0.00018886
12.2881 -0.998305 0.00015051
12.7119 -0.998305 0.000116031
13.1356 -0.998305 9.13726e-05
13.5593 -0.998305 6.89726e-05
13.9831 -0.998305 5.48919e-05
14.4068 -0.998305 4.3196e-05
14.8305 -0.998305 3.42162e-05
15.2542 -0.998305 2.73736e-05
15.678 -0.998305 2.17836e-05
16.1017 -0.998305 1.79158e-05
16.5254 -0.998305 1.43131e-05
16.9492 -0.998305 1.1729e-05
17.3729 -0.998305 9.52844e-06
17.7966 -0.998305 7.79521e-06
18.2203 -0.998305 6.47877e-06
18.6441 -0.998305 5.37173e-06
19.0678 -0.998305 4.46688e-06
19.4915 -0.998305 3.71342e-06
19.9153 -0.998305 3.14879e-06
20.339 -0.998305 2.5844e-06
20.7627 -0.998305 2.1957e-06
21.1864 -0.998305 1.83712e-06
21.6102 -0.998305 1.60614e-06
22.0339 -0.998305 1.31977e-06
22.4576 -0.998305 1.13688e-06
22.8814 -0.998305 9.65667e-07
23.3051 -0.998305 8.14953e-07
23.7288 -0.998305 7.06244e-07
24.1525 -0.998305 6.12346e-07
24.5763 -0.998305 5.2586e-07
25 -0.998305 4.48178e-07

0 -0.97322 0
0.423729 -0.97322 2.00306e-06
0.847458 -0.97322 7.84308e-06
1.27119 -0.97322 1.89452e-05
1.69492 -0.97322 3.42211e-05
2.11864 -0.97322 5.6144e-05
2.54237 -0.97322 8.34878e-05
2.9661 -0.97322 0.000120742
3.38983 -0.97322 0.000163449
3.81356 -0.97322 0.000215091
4.23729 -0.97322 0.000276812
4.66102 -0.97322 0.000329948
5.08475 -0.97322 0.000389399
5.50847 -0.97322 0.000437741
5.9322 -0.97322 0.000481594
6.35593 -0.97322 0.000518158
6.77966 -0.97322 0.000549356
7.20339 -0.97322 0.000556696
7.62712 -0.97322 0.000569921
8.05085 -0.97322 0.000567881
8.47458 -0.97322 0.000563932
8.89831 -0.97322 0.000539356
9.32203 -0.97322 0.000515232
9.74576 -0.97322 0.000479923
10.1695 -0.97322 0.000435819
10.5932 -0.97322 0.000390617
11.0169 -0.97322 0.000340902
11.4407 -0.97322 0.000284175
11.8644 -0.97322 0.000229544
12.2881 -0.97322 0.00018206
12.7119 -0.97322 0.000140942
13.1356 -0.97322 0.00011036
13.5593 -0.97322 8.40378e-05
13.9831 -0.97322 6.72012e-05
14.4068 -0.97322 5.26102e-05
14.8305 -0.97322 4.17845e-05
15.2542 -0.97322 3.35879e-05
15.678 -0.97322 2.663e-05
16.1017 -0.97322 2.18352e-05
16.5254 -0.97322 1.74453e-05
16.9492 -0.97322 1.4281e-05
17.3729 -0.97322 1.15706e-05
17.7966 -0.97322 9.47793e-06
18.2203 -0.97322 7.91224e-06
18.6441 -0.97322 6.53052e-06
19.0678 -0.97322 5.42947e-06
19.4915 -0.97322 4.54657e-06
19.9153 -0.97322 3.7976e-06
20.339 -0.97322 3.15834e-06
20.7627 -0.97322 2.67432e-06
21.1864 -0.97322 2.24203e-06
21.6102 -0.97322 1.94158e-06
22.0339 -0.97322 1.60708e-06
22.4576 -0.97322 1.37466e-06
22.8814 -0.97322 1.17385e-06
23.3051 -0.97322 9.95166e-07
23.7288 -0.97322 8.60064e-07
24.1525 -0.97322 7.44822e-07
24.5763 -0.97322 6.37875e-07
25 -0.97322 5.41885e-07

0 -0.948136 0
0.423729 -0.948136 2.43927e-06
0.847458 -0.948136 9.63241e-06
1.27119 -0.948136 2.29095e-05
1.69492 -0.948136 4.18454e-05
2.11864 -0.948136 6.81649e-05
2.54237 -0.948136 0.000101433
2.9661 -0.948136 0.000146271
3.38983 -0.948136 0.000198722
3.81356 -0.948136 0.000261454
4.23729 -0.948136 0.000337512
4.66102 -0.948136 0.000398748
5.08475 -0.948136 0.000476029
5.50847 -0.948136 0.000534288
5.9322 -0.948136 0.000585944
6.35593 -0.948136 0.000632671
6.77966 -0.948136 0.000662774
7.20339 -0.948136 0.000680653
7.62712 -0.948136 0.000691322
8.05085 -0.948136 0.000692304
8.47458 -0.948136 0.000686098
8.89831 -0.948136 0.00065912
9.32203 -0.948136 0.000628004
9.74576 -0.948136 0.000586984
10.1695 -0.948136 0.00053381
10.5932 -0.948136 0.00047569
11.0169 -0.948136 0.000416011
11.4407 -0.948136 0.000344611
11.8644 -0.948136 0.000278908
12.2881 -0.948136 0.00022026
12.7119 -0.948136 0.000171786
13.1356 -0.948136 0.000133335
13.5593 -0.948136 0.000103055
13.9831 -0.948136 8.20845e-05
14.4068 -0.948136 6.42255e-05
14.8305 -0.948136 5.10438e-05
15.2542 -0.948136 4.10852e-05
15.678 -0.948136 3.26108e-05
16.1017 -0.948136 2.6528e-05
16.5254 -0.948136 2.12217e-05
16.9492 -0.948136 1.73503e-05
17.3729 -0.948136 1.40982e-05
17.7966 -0.948136 1.15038e-05
18.2203 -0.948136 9.63587e-06
18.6441 -0.948136 7.92389e-06
19.0678 -0.948136 6.58848e-06
19.4915 -0.948136 5.5489e-06
19.9153 -0.948136 4.5769e-06
20.339 -0.948136 3.85716e-06
20.7627 -0.948136 3.2485e-06
21.1864 -0.948136 2.73131e-06
21.6102 -0.948136 2.33981e-06
22.0339 -0.948136 1.95704e-06
22.4576 -0.948136 1.66137e-06
22.8814 -0.948136 1.42446e-06
23.3051 -0.948136 1.21522e-06
23.7288 -0.948136 1.04493e-06
24.1525 -0.948136 9.02829e-07
24.5763 -0.948136 7.7195e-07
25 -0.948136 6.59919e-07

0 -0.923051 0
0.423729 -0.923051 2.97027e-06
0.847458 -0.923051 1.19134e-05
1.27119 -0.923051 2.76643e-05
1.69492 -0.923051 5.10414e-05
2.11864 -0.923051 8.25873e-05
2.54237 -0.923051 0.000123109
2.9661 -0.923051 0.000176861
3.38983 -0.923051 0.000241456
3.81356 -0.923051 0.000317814
4.23729 -0.923051 0.000410106
4.66102 -0.923051 0.000484327
5.08475 -0.923051 0.000580682
5.50847 -0.923051 0.000651793
5.9322 -0.923051 0.00071451
6.35593 -0.923051 0.000770466
6.77966 -0.923051 0.000799492
7.20339 -0.923051 0.000831722
7.62712 -0.923051 0.000838757
8.05085 -0.923051 0.000842369
8.47458 -0.923051 0.000832532
8.89831 -0.923051 0.00080437
9.32203 -0.923051 0.000764508
9.74576 -0.923051 0.000717408
10.1695 -0.923051 0.000655729
10.5932 -0.923051 0.000579098
11.0169 -0.923051 0.000506091
11.4407 -0.923051 0.000418539
11.8644 -0.923051 0.000339385
12.2881 -0.923051 0.000266978
12.7119 -0.923051 0.00020947
13.1356 -0.923051 0.000161439
13.5593 -0.923051 0.00012595
13.9831 -0.923051 9.99532e-05
14.4068 -0.923051 7.83746e-05
14.8305 -0.923051 6.21987e-05
15.2542 -0.923051 5.0061e-05
15.678 -0.923051 3.98678e-05
16.1017 -0.923051 3.21485e-05
16.5254 -0.923051 2.57827e-05
16.9492 -0.923051 2.10508e-05
17.3729 -0.923051 1.72036e-05
17.7966 -0.923051 1.38991e-05
18.2203 -0.923051 1.1703e-05
18.6441 -0.923051 9.60618e-06
19.0678 -0.923051 7.99174e-06
19.4915 -0.923051 6.74798e-06
19.9153 -0.923051 5.5235e-06
20.339 -0.923051 4.69642e-06
20.7627 -0.923051 3.93909e-06
21.1864 -0.923051 3.32093e-06
21.6102 -0.923051 2.81646e-06
22.0339 -0.923051 2.37325e-06
22.4576 -0.923051 2.01104e-06
22.8814 -0.923051 1.72811e-06
23.3051 -0.923051 1.48168e-06
23.7288 -0.923051 1.26778e-06
24.1525 -0.923051 1.09199e-06
24.5763 -0.923051 9.33533e-07
25 -0.923051 8.05852e-07

0 -0.897966 0
0.423729 -0.897966 3.61372e-06
0.847458 -0.897966 1.47487e-05
1.27119 -0.897966 3.34214e-05
1.69492 -0.897966 6.20715e-05
2.11864 -0.897966 9.99989e-05
2.54237 -0.897966 0.000149626
2.9661 -0.897966 0.000213818
3.38983 -0.897966 0.000293521
3.81356 -0.897966 0.000386792
4.23729 -0.897966 0.00049699
4.66102 -0.897966 0.000591769
5.08475 -0.897966 0.000706575
5.50847 -0.897966 0.000793965
5.9322 -0.897966 0.000869607
6.35593 -0.897966 0.000936046
6.77966 -0.897966 0.000966895
7.20339 -0.897966 0.0010142
7.62712 -0.897966 0.00101939
8.05085 -0.897966 0.00102377
8.47458 -0.897966 0.0010088
8.89831 -0.897966 0.000979548
9.32203 -0.897966 0.000930763
9.74576 -0.897966 0.000874899
10.1695 -0.897966 0.000795584
10.5932 -0.897966 0.000707235
11.0169 -0.897966 0.000614105
11.4407 -0.897966 0.000509817
11.8644 -0.897966 0.000413118
12.2881 -0.897966 0.000324703
12.7119 -0.897966 0.000255143
13.1356 -0.897966 0.0001962
13.5593 -0.897966 0.000153356
13.9831 -0.897966 0.00012136
14.4068 -0.897966 9.54716e-05
14.8305 -0.897966 7.56067e-05
15.2542 -0.897966 6.07781e-05
15.678 -0.897966 4.85968e-05
16.1017 -0.897966 3.89086e-05
16.5254 -0.897966 3.13198e-05
16.9492 -0.897966 2.55376e-05
17.3729 -0.897966 2.09778e-05
17.7966 -0.897966 1.69843e-05
18.2203 -0.897966 1.4187e-05
18.6441 -0.897966 1.16538e-05
19.0678 -0.897966 9.70452e-06
19.4915 -0.897966 8.18148e-06
19.9153 -0.897966 6.68713e-06
20.339 -0.897966 5.70372e-06
20.7627 -0.897966 4.77475e-06
21.1864 -0.897966 4.03651e-06
21.6102 -0.897966 3.39315e-06
22.0339 -0.897966 2.89098e-06
22.4576 -0.897966 2.44161e-06
22.8814 -0.897966 2.10012e-06
23.3051 -0.897966 1.80321e-06
23.7288 -0.897966 1.53817e-06
24.1525 -0.897966 1.32013e-06
24.5763 -0.897966 1.13013e-06
25 -0.897966 9.83871e-07

0 -0.872881 0
0.423729 -0.872881 4.39633e-06
0.847458 -0.872881 1.81945e-05
1.27119 -0.872881 4.04699e-05
1.69492 -0.872881 7.52906e-05
2.11864 -0.872881 0.000121197
2.54237 -0.872881 0.000181955
2.9661 -0.872881 0.000258933
3.38983 -0.872881 0.000357418
3.81356 -0.872881 0.000471535
4.23729 -0.872881 0.000601493
4.66102 -0.872881 0.000727524
5.08475 -0.872881 0.000858069
5.50847 -0.872881 0.000965756
5.9322 -0.872881 0.00105922
6.35593 -0.872881 0.00113556
6.77966 -0.872881 0.00117451
7.20339 -0.872881 0.00123376
7.62712 -0.872881 0.00124259
8.05085 -0.872881 0.00124598
8.47458 -0.872881 0.00122258
8.89831 -0.872881 0.00119161
9.32203 -0.872881 0.00113218
9.74576 -0.872881 0.00106434
10.1695 -0.872881 0.000955
10.5932 -0.872881 0.000863942
11.0169 -0.872881 0.000744535
11.4407 -0.872881 0.000621953
11.8644 -0.872881 0.000502489
12.2881 -0.872881 0.000396695
12.7119 -0.872881 0.000310317
13.1356 -0.872881 0.000239609
13.5593 -0.872881 0.000186694
13.9831 -0.872881 0.000147067
14.4068 -0.872881 0.00011606
14.8305 -0.872881 9.17587e-05
15.2542 -0.872881 7.36e-05
15.678 -0.872881 5.9058e-05
16.1017 -0.872881 4.70994e-05
16.5254 -0.872881 3.80921e-05
16.9492 -0.872881 3.10206e-05
17.3729 -0.872881 2.5538e-05
17.7966 -0.872881 2.08608e-05
18.2203 -0.872881 1.71893e-05
18.6441 -0.872881 1.41698e-05
19.0678 -0.872881 1.18015e-05
19.4915 -0.872881 9.90178e-06
19.9153 -0.872881 8.13354e-06
20.339 -0.872881 6.91716e-06
20.7627 -0.872881 5.79468e-06
21.1864 -0.872881 4.90377e-06
21.6102 -0.872881 4.0992e-06
22.0339 -0.872881 3.52585e-06
22.4576 -0.872881 2.97181e-06
22.8814 -0.872881 2.55492e-06
23.3051 -0.872881 2.19156e-06
23.7288 -0.872881 1.869e-06
24.1525 -0.872881 1.59798e-06
24.5763 -0.872881 1.3724e-06
25 -0.872881 1.19921e-06

0 -0.847797 0
0.423729 -0.847797 5.34615e-06
0.847458 -0.847797 2.2281e-05
1.27119 -0.847797 4.91963e-05
1.69492 -0.847797 9.11886e-05
2.11864 -0.847797 0.000147249
2.54237 -0.847797 0.000221224
2.9661 -0.847797 0.000314617
3.38983 -0.847797 0.000435139
3.81356 -0.847797 0.00057626
4.23729 -0.847797 0.00072821
4.66102 -0.847797 0.00088433
5.08475 -0.847797 0.00104115
5.50847 -0.847797 0.0011739
5.9322 -0.847797 0.00128944
6.35593 -0.847797 0.00137915
6.77966 -0.847797 0.00143459
7.20339 -0.847797 0.00149808
7.62712 -0.847797 0.00151275
8.05085 -0.847797 0.001516
8.47458 -0.847797 0.00148429
8.89831 -0.847797 0.00144847
9.32203 -0.847797 0.00137719
9.74576 -0.847797 0.00129239
10.1695 -0.847797 0.00115883
10.5932 -0.847797 0.00105394
11.0169 -0.847797 0.000904019
11.4407 -0.847797 0.000757897
11.8644 -0.847797 0.00061106
12.2881 -0.847797 0.000483774
12.7119 -0.847797 0.000377053
13.1356 -0.847797 0.000292349
13.5593 -0.847797 0.00022714
13.9831 -0.847797 0.000178131
14.4068 -0.847797 0.000140876
14.8305 -0.847797 0.000111326
15.2542 -0.847797 8.90318e-05
15.678 -0.847797 7.1609e-05
16.1017 -0.847797 5.71147e-05
16.5254 -0.847797 4.63609e-05
16.9492 -0.847797 3.77795e-05
17.3729 -0.847797 3.10412e-05
17.7966 -0.847797 2.56325e-05
18.2203 -0.847797 2.08485e-05
18.6441 -0.847797 1.7291e-05
19.0678 -0.847797 1.43651e-05
19.4915 -0.847797 1.19813e-05
19.9153 -0.847797 9.9479e-06
20.339 -0.847797 8.38909e-06
20.7627 -0.847797 7.04923e-06
21.1864 -0.847797 5.95759e-06
21.6102 -0.847797 4.97355e-06
22.0339 -0.847797 4.29715e-06
22.4576 -0.847797 3.63026e-06
22.8814 -0.847797 3.10555e-06
23.3051 -0.847797 2.66281e-06
23.7288 -0.847797 2.27753e-06
24.1525 -0.847797 1.94024e-06
24.5763 -0.847797 1.67709e-06
25 -0.847797 1.45877e-06

0 -0.822712 0
0.423729 -0.822712 6.50412e-06
0.847458 -0.822712 2.71135e-05
1.27119 -0.822712 6.01067e-05
1.69492 -0.822712 0.000110504
2.11864 -0.822712 0.00017917
2.54237 -0.822712 0.000269146
2.9661 -0.822712 0.000384047
3.38983 -0.822712 0.000529567
3.81356 -0.822712 0.000703938
4.23729 -0.822712 0.000883389
4.66102 -0.822712 0.0010781
5.08475 -0.822712 0.00126398
5.50847 -0.822712 0.00142758
5.9322 -0.822712 0.0015682
6.35593 -0.822712 0.00167722
6.77966 -0.822712 0.00176277
7.20339 -0.822712 0.00181773
7.62712 -0.822712 0.00184123
8.05085 -0.822712 0.00184267
8.47458 -0.822712 0.00180797
8.89831 -0.822712 0.00175902
9.32203 -0.822712 0.00167711
9.74576 -0.822712 0.00156887
10.1695 -0.822712 0.00141894
10.5932 -0.822712 0.00128333
11.0169 -0.822712 0.00109897
11.4407 -0.822712 0.000917395
11.8644 -0.822712 0.000743619
12.2881 -0.822712 0.00058901
12.7119 -0.822712 0.000458165
13.1356 -0.822712 0.000355534
13.5593 -0.822712 0.000276071
13.9831 -0.822712 0.000215995
14.4068 -0.822712 0.000170927
14.8305 -0.822712 0.000135217
15.2542 -0.822712 0.000107768
15.678 -0.822712 8.67444e-05
16.1017 -0.822712 6.94791e-05
16.5254 -0.822712 5.64972e-05
16.9492 -0.822712 4.60239e-05
17.3729 -0.822712 3.77017e-05
17.7966 -0.822712 3.14121e-05
18.2203 -0.822712 2.53514e-05
18.6441 -0.822712 2.10095e-05
19.0678 -0.822712 1.74976e-05
19.4915 -0.822712 1.45188e-05
19.9153 -0.822712 1.2135e-05
20.339 -0.822712 1.01907e-05
20.7627 -0.822712 8.59421e-06
21.1864 -0.822712 7.24878e-06
21.6102 -0.822712 6.0668e-06
22.0339 -0.822712 5.23e-06
22.4576 -0.822712 4.42476e-06
22.8814 -0.822712 3.77448e-06
23.3051 -0.822712 3.2383e-06
23.7288 -0.822712 2.77836e-06
24.1525 -0.822712 2.362e-06
24.5763 -0.822712 2.05548e-06
25 -0.822712 1.77193e-06

0 -0.797627 0
0.423729 -0.797627 7.87915e-06
0.847458 -0.797627 3.28261e-05
1.27119 -0.797627 7.33253e-05
1.69492 -0.797627 0.000134858
2.11864 -0.797627 0.000218243
2.54237 -0.797627 0.000327574
2.9661 -0.797627 0.000471075
3.38983 -0.797627 0.00064406
3.81356 -0.797627 0.000858191
4.23729 -0.797627 0.00107536
4.66102 -0.797627 0.00131786
5.08475 -0.797627 0.00153758
5.50847 -0.797627 0.00173913
5.9322 -0.797627 0.00190617
6.35593 -0.797627 0.00204081
6.77966 -0.797627 0.00214314
7.20339 -0.797627 0.00220715
7.62712 -0.797627 0.00224188
8.05085 -0.797627 0.00223945
8.47458 -0.797627 0.00221102
8.89831 -0.797627 0.00213706
9.32203 -0.797627 0.00203598
9.74576 -0.797627 0.00190537
10.1695 -0.797627 0.00174489
10.5932 -0.797627 0.00156031
11.0169 -0.797627 0.00133932
11.4407 -0.797627 0.00111763
11.8644 -0.797627 0.000901836
12.2881 -0.797627 0.000712242
12.7119 -0.797627 0.000557471
13.1356 -0.797627 0.000433342
13.5593 -0.797627 0.000335923
13.9831 -0.797627 0.000262642
14.4068 -0.797627 0.000207579
14.8305 -0.797627 0.00016465
15.2542 -0.797627 0.000130749
15.678 -0.797627 0.000105144
16.1017 -0.797627 8.4879e-05
16.5254 -0.797627 6.8924e-05
16.9492 -0.797627 5.6046e-05
17.3729 -0.797627 4.58122e-05
17.7966 -0.797627 3.83342e-05
18.2203 -0.797627 3.09449e-05
18.6441 -0.797627 2.55821e-05
19.0678 -0.797627 2.12521e-05
19.4915 -0.797627 1.76491e-05
19.9153 -0.797627 1.47417e-05
20.339 -0.797627 1.24168e-05
20.7627 -0.797627 1.04625e-05
21.1864 -0.797627 8.83541e-06
21.6102 -0.797627 7.44356e-06
22.0339 -0.797627 6.35825e-06
22.4576 -0.797627 5.37624e-06
22.8814 -0.797627 4.592e-06
23.3051 -0.797627 3.93862e-06
23.7288 -0.797627 3.35693e-06
24.1525 -0.797627 2.88661e-06
24.5763 -0.797627 2.48949e-06
25 -0.797627 2.15155e-06

0 -0.772542 0
0.423729 -0.772542 9.60067e-06
0.847458 -0.772542 3.96099e-05
1.27119 -0.772542 8.91992e-05
1.69492 -0.772542 0.000164261
2.11864 -0.772542 0.000262478
2.54237 -0.772542 0.000398171
2.9661 -0.772542 0.000570616
3.38983 -0.772542 0.000783989
3.81356 -0.772542 0.0010437
4.23729 -0.772542 0.00131504
4.66102 -0.772542 0.00161057
5.08475 -0.772542 0.00187655
5.50847 -0.772542 0.00211694
5.9322 -0.772542 0.00232103
6.35593 -0.772542 0.00248734
6.77966 -0.772542 0.00260538
7.20339 -0.772542 0.00268579
7.62712 -0.772542 0.00272538
8.05085 -0.772542 0.0027246
8.47458 -0.772542 0.00268352
8.89831 -0.772542 0.00260121
9.32203 -0.772542 0.00247812
9.74576 -0.772542 0.00231793
10.1695 -0.772542 0.00214217
10.5932 -0.772542 0.00189599
11.0169 -0.772542 0.00163429
11.4407 -0.772542 0.00136644
11.8644 -0.772542 0.00109563
12.2881 -0.772542 0.000867127
12.7119 -0.772542 0.000678295
13.1356 -0.772542 0.000528665
13.5593 -0.772542 0.000410046
13.9831 -0.772542 0.000321032
14.4068 -0.772542 0.00025267
14.8305 -0.772542 0.000200473
15.2542 -0.772542 0.00015922
15.678 -0.772542 0.000127727
16.1017 -0.772542 0.000103685
16.5254 -0.772542 8.40278e-05
16.9492 -0.772542 6.83314e-05
17.3729 -0.772542 5.57679e-05
17.7966 -0.772542 4.65743e-05
18.2203 -0.772542 3.76645e-05
18.6441 -0.772542 3.12353e-05
19.0678 -0.772542 2.59088e-05
19.4915 -0.772542 2.15485e-05
19.9153 -0.772542 1.79988e-05
20.339 -0.772542 1.50933e-05
20.7627 -0.772542 1.27298e-05
21.1864 -0.772542 1.07407e-05
21.6102 -0.772542 9.0831e-06
22.0339 -0.772542 7.72795e-06
22.4576 -0.772542 6.56175e-06
22.8814 -0.772542 5.59852e-06
23.3051 -0.772542 4.7914e-06
23.7288 -0.772542 4.08783e-06
24.1525 -0.772542 3.51728e-06
24.5763 -0.772542 3.01986e-06
25 -0.772542 2.61513e-06

0 -0.747458 0
0.423729 -0.747458 1.17235e-05
0.847458 -0.747458 4.77356e-05
1.27119 -0.747458 0.000108837
1.69492 -0.747458 0.000199655
2.11864 -0.747458 0.000318788
2.54237 -0.747458 0.000485349
2.9661 -0.747458 0.000688743
3.38983 -0.747458 0.000955019
3.81356 -0.747458 0.00126679
4.23729 -0.747458 0.00160183
4.66102 -0.747458 0.00196484
5.08475 -0.747458 0.00228606
5.50847 -0.747458 0.00258182
5.9322 -0.747458 0.00283139
6.35593 -0.747458 0.00301952
6.77966 -0.747458 0.00317302
7.20339 -0.747458 0.00327944
7.62712 -0.747458 0.00332043
8.05085 -0.747458 0.00332174
8.47458 -0.747458 0.00326501
8.89831 -0.747458 0.00317362
9.32203 -0.747458 0.00302676
9.74576 -0.747458 0.00282822
10.1695 -0.747458 0.00262077
10.5932 -0.747458 0.00230669
11.0169 -0.747458 0.00198702
11.4407 -0.747458 0.00166933
11.8644 -0.747458 0.00133919
12.2881 -0.747458 0.00105973
12.7119 -0.747458 0.000826321
13.1356 -0.747458 0.000644324
13.5593 -0.747458 0.000500601
13.9831 -0.747458 0.000391893
14.4068 -0.747458 0.000308626
14.8305 -0.747458 0.000244045
15.2542 -0.747458 0.000194486
15.678 -0.747458 0.000155715
16.1017 -0.747458 0.00012624
16.5254 -0.747458 0.000102303
16.9492 -0.747458 8.32564e-05
17.3729 -0.747458 6.79127e-05
17.7966 -0.747458 5.63741e-05
18.2203 -0.747458 4.59244e-05
18.6441 -0.747458 3.81313e-05
19.0678 -0.747458 3.16068e-05
19.4915 -0.747458 2.62573e-05
19.9153 -0.747458 2.20014e-05
20.339 -0.747458 1.84064e-05
20.7627 -0.747458 1.55162e-05
21.1864 -0.747458 1.3093e-05
21.6102 -0.747458 1.10534e-05
22.0339 -0.747458 9.40167e-06
22.4576 -0.747458 8.01596e-06
22.8814 -0.747458 6.78594e-06
23.3051 -0.747458 5.82179e-06
23.7288 -0.747458 4.99359e-06
24.1525 -0.747458 4.27803e-06
24.5763 -0.747458 3.68151e-06
25 -0.747458 3.18617e-06

0 -0.722373 0
0.423729 -0.722373 1.43061e-05
0.847458 -0.722373 5.75785e-05
1.27119 -0.722373 0.000132823
1.69492 -0.722373 0.000242292
2.11864 -0.722373 0.000389664
2.54237 -0.722373 0.000591707
2.9661 -0.722373 0.000838936
3.38983 -0.722373 0.0011627
3.81356 -0.722373 0.00153605
4.23729 -0.722373 0.00195109
4.66102 -0.722373 0.00239188
5.08475 -0.722373 0.0027835
5.50847 -0.722373 0.00315004
5.9322 -0.722373 0.00345081
6.35593 -0.722373 0.00368063
6.77966 -0.722373 0.00387155
7.20339 -0.722373 0.00399299
7.62712 -0.722373 0.00405245
8.05085 -0.722373 0.00404291
8.47458 -0.722373 0.00398599
8.89831 -0.722373 0.00386171
9.32203 -0.722373 0.00369725
9.74576 -0.722373 0.00343773
10.1695 -0.722373 0.00319373
10.5932 -0.722373 0.00280609
11.0169 -0.722373 0.0024235
11.4407 -0.722373 0.00203483
11.8644 -0.722373 0.00163955
12.2881 -0.722373 0.00129596
12.7119 -0.722373 0.00100716
13.1356 -0.722373 0.000783931
13.5593 -0.722373 0.000610272
13.9831 -0.722373 0.000474537
14.4068 -0.722373 0.000374893
14.8305 -0.722373 0.000297531
15.2542 -0.722373 0.000236815
15.678 -0.722373 0.000189619
16.1017 -0.722373 0.000152032
16.5254 -0.722373 0.000124405
16.9492 -0.722373 0.000101311
17.3729 -0.722373 8.25799e-05
17.7966 -0.722373 6.80819e-05
18.2203 -0.722373 5.59947e-05
18.6441 -0.722373 4.64719e-05
19.0678 -0.722373 3.85195e-05
19.4915 -0.722373 3.19434e-05
19.9153 -0.722373 2.68606e-05
20.339 -0.722373 2.24784e-05
20.7627 -0.722373 1.89086e-05
21.1864 -0.722373 1.59639e-05
21.6102 -0.722373 1.34744e-05
22.0339 -0.722373 1.14595e-05
22.4576 -0.722373 9.78081e-06
22.8814 -0.722373 8.27454e-06
23.3051 -0.722373 7.08455e-06
23.7288 -0.722373 6.10021e-06
24.1525 -0.722373 5.21807e-06
24.5763 -0.722373 4.50219e-06
25 -0.722373 3.87589e-06

0 -0.697288 0
0.423729 -0.697288 1.74237e-05
0.847458 -0.697288 6.96477e-05
1.27119 -0.697288 0.000161882
1.69492 -0.697288 0.000293865
2.11864 -0.697288 0.000477707
2.54237 -0.697288 0.000720576
2.9661 -0.697288 0.00102612
3.38983 -0.697288 0.00141426
3.81356 -0.697288 0.00186326
4.23729 -0.697288 0.0023775
4.66102 -0.697288 0.00290679
5.08475 -0.697288 0.00338799
5.50847 -0.697288 0.0038391
5.9322 -0.697288 0.00419922
6.35593 -0.697288 0.00449314
6.77966 -0.697288 0.00472568
7.20339 -0.697288 0.00484501
7.62712 -0.697288 0.00494312
8.05085 -0.697288 0.00492986
8.47458 -0.697288 0.00486798
8.89831 -0.697288 0.00470586
9.32203 -0.697288 0.00450648
9.74576 -0.697288 0.004186
10.1695 -0.697288 0.00387879
10.5932 -0.697288 0.00341179
11.0169 -0.697288 0.00295694
11.4407 -0.697288 0.00247498
11.8644 -0.697288 0.0020049
12.2881 -0.697288 0.00158144
12.7119 -0.697288 0.00122655
13.1356 -0.697288 0.000952294
13.5593 -0.697288 0.000742582
13.9831 -0.697288 0.000577253
14.4068 -0.697288 0.000456362
14.8305 -0.697288 0.000362575
15.2542 -0.697288 0.000288658
15.678 -0.697288 0.000231058
16.1017 -0.697288 0.00018464
16.5254 -0.697288 0.000151213
16.9492 -0.697288 0.000123155
17.3729 -0.697288 0.000100562
17.7966 -0.697288 8.23041e-05
18.2203 -0.697288 6.81966e-05
18.6441 -0.697288 5.65229e-05
19.0678 -0.697288 4.68747e-05
19.4915 -0.697288 3.89447e-05
19.9153 -0.697288 3.27162e-05
20.339 -0.697288 2.74267e-05
20.7627 -0.697288 2.30193e-05
21.1864 -0.697288 1.94431e-05
21.6102 -0.697288 1.64192e-05
22.0339 -0.697288 1.39295e-05
22.4576 -0.697288 1.19103e-05
22.8814 -0.697288 1.01099e-05
23.3051 -0.697288 8.63938e-06
23.7288 -0.697288 7.4397e-06
24.1525 -0.697288 6.36454e-06
24.5763 -0.697288 5.50522e-06
25 -0.697288 4.71706e-06

0 -0.672203 0
0.423729 -0.672203 2.1179e-05
0.847458 -0.672203 8.46185e-05
1.27119 -0.672203 0.000196958
1.69492 -0.672203 0.00035665
2.11864 -0.672203 0.000585305
2.54237 -0.672203 0.000876418
2.9661 -0.672203 0.00125549
3.38983 -0.672203 0.0017194
3.81356 -0.672203 0.00226425
4.23729 -0.672203 0.00289519
4.66102 -0.672203 0.00353018
5.08475 -0.672203 0.00412917
5.50847 -0.672203 0.00467187
5.9322 -0.672203 0.00510326
6.35593 -0.672203 0.00548149
6.77966 -0.672203 0.00576085
7.20339 -0.672203 0.00591048
7.62712 -0.672203 0.00602028
8.05085 -0.672203 0.00601023
8.47458 -0.672203 0.00593617
8.89831 -0.672203 0.00573263
9.32203 -0.672203 0.005482
9.74576 -0.672203 0.00510858
10.1695 -0.672203 0.00470055
10.5932 -0.672203 0.00415078
11.0169 -0.672203 0.00360393
11.4407 -0.672203 0.00300623
11.8644 -0.672203 0.00244549
12.2881 -0.672203 0.00192474
12.7119 -0.672203 0.00149194
13.1356 -0.672203 0.00115593
13.5593 -0.672203 0.000902303
13.9831 -0.672203 0.000704527
14.4068 -0.672203 0.000556209
14.8305 -0.672203 0.000441318
15.2542 -0.672203 0.000351618
15.678 -0.672203 0.000281887
16.1017 -0.672203 0.000225593
16.5254 -0.672203 0.000183951
16.9492 -0.672203 0.000149748
17.3729 -0.672203 0.000122569
17.7966 -0.672203 9.9781e-05
18.2203 -0.672203 8.29559e-05
18.6441 -0.672203 6.8645e-05
19.0678 -0.672203 5.69797e-05
19.4915 -0.672203 4.74948e-05
19.9153 -0.672203 3.98468e-05
20.339 -0.672203 3.34011e-05
20.7627 -0.672203 2.79976e-05
21.1864 -0.672203 2.36493e-05
21.6102 -0.672203 2.00011e-05
22.0339 -0.672203 1.69434e-05
22.4576 -0.672203 1.44769e-05
22.8814 -0.672203 1.23437e-05
23.3051 -0.672203 1.05335e-05
23.7288 -0.672203 9.05384e-06
24.1525 -0.672203 7.75898e-06
24.5763 -0.672203 6.71792e-06
25 -0.672203 5.7435e-06

0 -0.647119 0
0.423729 -0.647119 2.57145e-05
0.847458 -0.647119 0.000103368
1.27119 -0.647119 0.000239318
1.69492 -0.647119 0.000433684
2.11864 -0.647119 0.000715264
2.54237 -0.647119 0.00106533
2.9661 -0.647119 0.00153328
3.38983 -0.647119 0.00209113
3.81356 -0.647119 0.00276008
4.23729 -0.647119 0.00352543
4.66102 -0.647119 0.00428999
5.08475 -0.647119 0.00503375
5.50847 -0.647119 0.00567907
5.9322 -0.647119 0.006199
6.35593 -0.647119 0.00667709
6.77966 -0.647119 0.00701019
7.20339 -0.647119 0.00721377
7.62712 -0.647119 0.00732105
8.05085 -0.647119 0.00731977
8.47458 -0.647119 0.00722443
8.89831 -0.647119 0.00698389
9.32203 -0.647119 0.00666086
9.74576 -0.647119 0.00623417
10.1695 -0.647119 0.00569311
10.5932 -0.647119 0.00505928
11.0169 -0.647119 0.00438626
11.4407 -0.647119 0.00365108
11.8644 -0.647119 0.0029749
12.2881 -0.647119 0.00233759
12.7119 -0.647119 0.00181331
13.1356 -0.647119 0.00140368
13.5593 -0.647119 0.00109596
13.9831 -0.647119 0.000860036
14.4068 -0.647119 0.000677476
14.8305 -0.647119 0.000536643
15.2542 -0.647119 0.000427787
15.678 -0.647119 0.000343657
16.1017 -0.647119 0.000276488
16.5254 -0.647119 0.00022394
16.9492 -0.647119 0.000182165
17.3729 -0.647119 0.000149271
17.7966 -0.647119 0.000121491
18.2203 -0.647119 0.000100849
18.6441 -0.647119 8.33327e-05
19.0678 -0.647119 6.92537e-05
19.4915 -0.647119 5.78409e-05
19.9153 -0.647119 4.84209e-05
20.339 -0.647119 4.06017e-05
20.7627 -0.647119 3.40455e-05
21.1864 -0.647119 2.87423e-05
21.6102 -0.647119 2.43736e-05
22.0339 -0.647119 2.06522e-05
22.4576 -0.647119 1.75796e-05
22.8814 -0.647119 1.50415e-05
23.3051 -0.647119 1.28274e-05
23.7288 -0.647119 1.09991e-05
24.1525 -0.647119 9.45104e-06
24.5763 -0.647119 8.17552e-06
25 -0.647119 6.9969e-06

0 -0.622034 0
0.423729 -0.622034 3.12283e-05
0.847458 -0.622034 0.000126537
1.27119 -0.622034 0.000290682
1.69492 -0.622034 0.000528952
2.11864 -0.622034 0.000871149
2.54237 -0.622034 0.00129587
2.9661 -0.622034 0.0018674
3.38983 -0.622034 0.00254517
3.81356 -0.622034 0.00337823
4.23729 -0.622034 0.00429281
4.66102 -0.622034 0.00521744
5.08475 -0.622034 0.00613063
5.50847 -0.622034 0.00690238
5.9322 -0.622034 0.00753522
6.35593 -0.622034 0.00812195
6.77966 -0.622034 0.00851833
7.20339 -0.622034 0.00879368
7.62712 -0.622034 0.00889888
8.05085 -0.622034 0.00890631
8.47458 -0.622034 0.00877852
8.89831 -0.622034 0.00850553
9.32203 -0.622034 0.00809366
9.74576 -0.622034 0.00759748
10.1695 -0.622034 0.00690314
10.5932 -0.622034 0.00613851
11.0169 -0.622034 0.00533529
11.4407 -0.622034 0.00444006
11.8644 -0.622034 0.00361173
12.2881 -0.622034 0.00283607
12.7119 -0.622034 0.00220413
13.1356 -0.622034 0.00170744
13.5593 -0.622034 0.00133248
13.9831 -0.622034 0.00104833
14.4068 -0.622034 0.000824118
14.8305 -0.622034 0.00065248
15.2542 -0.622034 0.000520363
15.678 -0.622034 0.000418373
16.1017 -0.622034 0.000338702
16.5254 -0.622034 0.000272447
16.9492 -0.622034 0.000221472
17.3729 -0.622034 0.000181562
17.7966 -0.622034 0.000148703
18.2203 -0.622034 0.000122656
18.6441 -0.622034 0.000101277
19.0678 -0.622034 8.42655e-05
19.4915 -0.622034 7.03417e-05
19.9153 -0.622034 5.87626e-05
20.339 -0.622034 4.93016e-05
20.7627 -0.622034 4.14391e-05
21.1864 -0.622034 3.49447e-05
21.6102 -0.622034 2.96741e-05
22.0339 -0.622034 2.51676e-05
22.4576 -0.622034 2.13537e-05
22.8814 -0.622034 1.82902e-05
23.3051 -0.622034 1.5602e-05
23.7288 -0.622034 1.33527e-05
24.1525 -0.622034 1.14963e-05
24.5763 -0.622034 9.9256e-06
25 -0.622034 8.52639e-06

0 -0.596949 0
0.423729 -0.596949 3.79925e-05
0.847458 -0.596949 0.000154061
1.27119 -0.596949 0.000353345
1.69492 -0.596949 0.000644979
2.11864 -0.596949 0.00105774
2.54237 -0.596949 0.00157528
2.9661 -0.596949 0.00226854
3.38983 -0.596949 0.00309718
3.81356 -0.596949 0.0040997
4.23729 -0.596949 0.00522284
4.66102 -0.596949 0.00635218
5.08475 -0.596949 0.00745803
5.50847 -0.596949 0.00839806
5.9322 -0.596949 0.00917725
6.35593 -0.596949 0.00987309
6.77966 -0.596949 0.010346
7.20339 -0.596949 0.0107023
7.62712 -0.596949 0.0108233
8.05085 -0.596949 0.0108347
8.47458 -0.596949 0.010661
8.89831 -0.596949 0.0103496
9.32203 -0.596949 0.00984886
9.74576 -0.596949 0.00924438
10.1695 -0.596949 0.00839332
10.5932 -0.596949 0.00748232
11.0169 -0.596949 0.00648891
11.4407 -0.596949 0.00541378
11.8644 -0.596949 0.00438167
12.2881 -0.596949 0.00344215
12.7119 -0.596949 0.00268124
13.1356 -0.596949 0.0020802
13.5593 -0.596949 0.0016204
13.9831 -0.596949 0.00127534
14.4068 -0.596949 0.00100145
14.8305 -0.596949 0.000793951
15.2542 -0.596949 0.00063311
15.678 -0.596949 0.000508717
16.1017 -0.596949 0.000413859
16.5254 -0.596949 0.00033133
16.9492 -0.596949 0.000269378
17.3729 -0.596949 0.000220653
17.7966 -0.596949 0.000181194
18.2203 -0.596949 0.000149378
18.6441 -0.596949 0.000123376
19.0678 -0.596949 0.000102612
19.4915 -0.596949 8.54835e-05
19.9153 -0.596949 7.13183e-05
20.339 -0.596949 5.98738e-05
20.7627 -0.596949 5.04218e-05
21.1864 -0.596949 4.25219e-05
21.6102 -0.596949 3.60853e-05
22.0339 -0.596949 3.06333e-05
22.4576 -0.596949 2.59823e-05
22.8814 -0.596949 2.22198e-05
23.3051 -0.596949 1.8967e-05
23.7288 -0.596949 1.622e-05
24.1525 -0.596949 1.39702e-05
24.5763 -0.596949 1.20336e-05
25 -0.596949 1.03803e-05

0 -0.571864 0
0.423729 -0.571864 4.63335e-05
0.847458 -0.571864 0.000187155
1.27119 -0.571864 0.000430068
1.69492 -0.571864 0.000785297
2.11864 -0.571864 0.00128163
2.54237 -0.571864 0.00191522
2.9661 -0.571864 0.00275137
3.38983 -0.571864 0.00376808
3.81356 -0.571864 0.00498161
4.23729 -0.571864 0.00635175
4.66102 -0.571864 0.00774915
5.08475 -0.571864 0.00906759
5.50847 -0.571864 0.0102309
5.9322 -0.571864 0.0111277
6.35593 -0.571864 0.012008
6.77966 -0.571864 0.0125757
7.20339 -0.571864 0.01301
7.62712 -0.571864 0.0131796
8.05085 -0.571864 0.0131926
8.47458 -0.571864 0.0129571
8.89831 -0.571864 0.0125869
9.32203 -0.571864 0.0119955
9.74576 -0.571864 0.011237
10.1695 -0.571864 0.0102463
10.5932 -0.571864 0.00914766
11.0169 -0.571864 0.00789507
11.4407 -0.571864 0.00658588
11.8644 -0.571864 0.00531993
12.2881 -0.571864 0.00418549
12.7119 -0.571864 0.00326294
13.1356 -0.571864 0.0025321
13.5593 -0.571864 0.00197109
13.9831 -0.571864 0.00154913
14.4068 -0.571864 0.00121669
14.8305 -0.571864 0.000965919
15.2542 -0.571864 0.000770001
15.678 -0.571864 0.000618324
16.1017 -0.571864 0.000504021
16.5254 -0.571864 0.000403102
16.9492 -0.571864 0.000328173
17.3729 -0.571864 0.000268187
17.7966 -0.571864 0.000220651
18.2203 -0.571864 0.000181585
18.6441 -0.571864 0.000150298
19.0678 -0.571864 0.000124635
19.4915 -0.571864 0.000103927
19.9153 -0.571864 8.66952e-05
20.339 -0.571864 7.28241e-05
20.7627 -0.571864 6.13292e-05
21.1864 -0.571864 5.18291e-05
21.6102 -0.571864 4.38532e-05
22.0339 -0.571864 3.72409e-05
22.4576 -0.571864 3.17016e-05
22.8814 -0.571864 2.69824e-05
23.3051 -0.571864 2.30717e-05
23.7288 -0.571864 1.9743e-05
24.1525 -0.571864 1.69747e-05
24.5763 -0.571864 1.45896e-05
25 -0.571864 1.26228e-05

0 -0.54678 0
0.423729 -0.54678 5.63185e-05
0.847458 -0.54678 0.000227635
1.27119 -0.54678 0.000523503
1.69492 -0.54678 0.000957993
2.11864 -0.54678 0.00155192
2.54237 -0.54678 0.00233175
2.9661 -0.54678 0.00333611
3.38983 -0.54678 0.00458517
3.81356 -0.54678 0.00607641
4.23729 -0.54678 0.00772871
4.66102 -0.54678 0.00941634
5.08475 -0.54678 0.0110293
5.50847 -0.54678 0.0124794
5.9322 -0.54678 0.0135648
6.35593 -0.54678 0.0146168
6.77966 -0.54678 0.0153181
7.20339 -0.54678 0.0158126
7.62712 -0.54678 0.0160489
8.05085 -0.54678 0.0160658
8.47458 -0.54678 0.0157814
8.89831 -0.54678 0.0153135
9.32203 -0.54678 0.0146064
9.74576 -0.54678 0.01366
10.1695 -0.54678 0.0124897
10.5932 -0.54678 0.0111799
11.0169 -0.54678 0.0096214
11.4407 -0.54678 0.00803151
11.8644 -0.54678 0.00647308
12.2881 -0.54678 0.00510548
12.7119 -0.54678 0.00397696
13.1356 -0.54678 0.00308158
13.5593 -0.54678 0.00240001
13.9831 -0.54678 0.00188069
14.4068 -0.54678 0.00147962
14.8305 -0.54678 0.00117064
15.2542 -0.54678 0.000936763
15.678 -0.54678 0.000752116
16.1017 -0.54678 0.000611959
16.5254 -0.54678 0.000490854
16.9492 -0.54678 0.000399218
17.3729 -0.54678 0.000326388
17.7966 -0.54678 0.000268429
18.2203 -0.54678 0.000221106
18.6441 -0.54678 0.000182733
19.0678 -0.54678 0.00015164
19.4915 -0.54678 0.000126563
19.9153 -0.54678 0.000105706
20.339 -0.54678 8.88274e-05
20.7627 -0.54678 7.46204e-05
21.1864 -0.54678 6.29873e-05
21.6102 -0.54678 5.33104e-05
22.0339 -0.54678 4.52506e-05
22.4576 -0.54678 3.83975e-05
22.8814 -0.54678 3.27792e-05
23.3051 -0.54678 2.80847e-05
23.7288 -0.54678 2.40435e-05
24.1525 -0.54678 2.06474e-05
24.5763 -0.54678 1.77157e-05
25 -0.54678 1.5341e-05

0 -0.521695 0
0.423729 -0.521695 6.83702e-05
0.847458 -0.521695 0.000277549
1.27119 -0.521695 0.000634509
1.69492 -0.521695 0.00116814
2.11864 -0.521695 0.00188106
2.54237 -0.521695 0.00283692
2.9661 -0.521695 0.00405032
3.38983 -0.521695 0.00557907
3.81356 -0.521695 0.00741626
4.23729 -0.521695 0.00941244
4.66102 -0.521695 0.0114784
5.08475 -0.521695 0.0134375
5.50847 -0.521695 0.0151662
5.9322 -0.521695 0.0166085
6.35593 -0.521695 0.0178041
6.77966 -0.521695 0.0186458
7.20339 -0.521695 0.0192399
7.62712 -0.521695 0.0195352
8.05085 -0.521695 0.0195174
8.47458 -0.521695 0.0192274
8.89831 -0.521695 0.0186571
9.32203 -0.521695 0.017775
9.74576 -0.521695 0.0166276
10.1695 -0.521695 0.0152171
10.5932 -0.521695 0.0136368
11.0169 -0.521695 0.0116992
11.4407 -0.521695 0.0097947
11.8644 -0.521695 0.00788758
12.2881 -0.521695 0.00621021
12.7119 -0.521695 0.0048263
13.1356 -0.521695 0.00374833
13.5593 -0.521695 0.00291953
13.9831 -0.521695 0.00228502
14.4068 -0.521695 0.00180106
14.8305 -0.521695 0.00142486
15.2542 -0.521695 0.00114024
15.678 -0.521695 0.000915316
16.1017 -0.521695 0.000741488
16.5254 -0.521695 0.000597534
16.9492 -0.521695 0.000486321
17.3729 -0.521695 0.00039722
17.7966 -0.521695 0.000326781
18.2203 -0.521695 0.000269336
18.6441 -0.521695 0.000222588
19.0678 -0.521695 0.000184909
19.4915 -0.521695 0.000154
19.9153 -0.521695 0.000128697
20.339 -0.521695 0.00010802
20.7627 -0.521695 9.08681e-05
21.1864 -0.521695 7.67041e-05
21.6102 -0.521695 6.49044e-05
22.0339 -0.521695 5.50159e-05
22.4576 -0.521695 4.66887e-05
22.8814 -0.521695 3.98974e-05
23.3051 -0.521695 3.42013e-05
23.7288 -0.521695 2.92548e-05
24.1525 -0.521695 2.51555e-05
24.5763 -0.521695 2.15755e-05
25 -0.521695 1.86529e-05

0 -0.49661 0
0.423729 -0.49661 8.32986e-05
0.847458 -0.49661 0.000338437
1.27119 -0.49661 0.000772543
1.69492 -0.49661 0.00142225
2.11864 -0.49661 0.00228579
2.54237 -0.49661 0.00345551
2.9661 -0.49661 0.00493098
3.38983 -0.49661 0.0067992
3.81356 -0.49661 0.00904093
4.23729 -0.49661 0.0114625
4.66102 -0.49661 0.0139966
5.08475 -0.49661 0.016361
5.50847 -0.49661 0.0184603
5.9322 -0.49661 0.0203445
6.35593 -0.49661 0.0216582
6.77966 -0.49661 0.0227223
7.20339 -0.49661 0.0234413
7.62712 -0.49661 0.0238129
8.05085 -0.49661 0.0237822
8.47458 -0.49661 0.0234225
8.89831 -0.49661 0.0227108
9.32203 -0.49661 0.0216538
9.74576 -0.49661 0.0202557
10.1695 -0.49661 0.0185487
10.5932 -0.49661 0.0165999
11.0169 -0.49661 0.0142587
11.4407 -0.49661 0.0119315
11.8644 -0.49661 0.00962864
12.2881 -0.49661 0.00756939
12.7119 -0.49661 0.00587927
13.1356 -0.49661 0.00456355
13.5593 -0.49661 0.00355614
13.9831 -0.49661 0.00278229
14.4068 -0.49661 0.00219397
14.8305 -0.49661 0.00173978
15.2542 -0.49661 0.00138808
15.678 -0.49661 0.00111353
16.1017 -0.49661 0.000897884
16.5254 -0.49661 0.000727755
16.9492 -0.49661 0.000592429
17.3729 -0.49661 0.00048376
17.7966 -0.49661 0.000397672
18.2203 -0.49661 0.000327866
18.6441 -0.49661 0.000271375
19.0678 -0.49661 0.000225437
19.4915 -0.49661 0.00018755
19.9153 -0.49661 0.000156792
20.339 -0.49661 0.000131276
20.7627 -0.49661 0.00011064
21.1864 -0.49661 9.34578e-05
21.6102 -0.49661 7.89997e-05
22.0339 -0.49661 6.6999e-05
22.4576 -0.49661 5.69542e-05
22.8814 -0.49661 4.86002e-05
23.3051 -0.49661 4.16482e-05
23.7288 -0.49661 3.56685e-05
24.1525 -0.49661 3.06147e-05
24.5763 -0.49661 2.6322e-05
25 -0.49661 2.27181e-05

0 -0.471525 0
0.423729 -0.471525 0.000101549
0.847458 -0.471525 0.000412125
1.27119 -0.471525 0.00094236
1.69492 -0.471525 0.00172905
2.11864 -0.471525 0.00278827
2.54237 -0.471525 0.00420891
2.9661 -0.471525 0.0060155
3.38983 -0.471525 0.00828222
3.81356 -0.471525 0.0110023
4.23729 -0.471525 0.0139721
4.66102 -0.471525 0.0170606
5.08475 -0.471525 0.0199257
5.50847 -0.471525 0.0225088
5.9322 -0.471525 0.0248728
6.35593 -0.471525 0.0263739
6.77966 -0.471525 0.0276914
7.20339 -0.471525 0.0285486
7.62712 -0.471525 0.0290157
8.05085 -0.471525 0.0289928
8.47458 -0.471525 0.0285398
8.89831 -0.471525 0.0276657
9.32203 -0.471525 0.0263883
9.74576 -0.471525 0.0246689
10.1695 -0.471525 0.0225927
10.5932 -0.471525 0.0201679
11.0169 -0.471525 0.0173886
11.4407 -0.471525 0.014516
11.8644 -0.471525 0.0116996
12.2881 -0.471525 0.00922541
12.7119 -0.471525 0.00717091
13.1356 -0.471525 0.00556353
13.5593 -0.471525 0.00433014
13.9831 -0.471525 0.00338693
14.4068 -0.471525 0.00267282
14.8305 -0.471525 0.00212435
15.2542 -0.471525 0.00169055
15.678 -0.471525 0.00135547
16.1017 -0.471525 0.00108836
16.5254 -0.471525 0.000885889
16.9492 -0.471525 0.000721107
17.3729 -0.471525 0.00058931
17.7966 -0.471525 0.000483726
18.2203 -0.471525 0.000398815
18.6441 -0.471525 0.000330587
19.0678 -0.471525 0.000274487
19.4915 -0.471525 0.000228418
19.9153 -0.471525 0.000190964
20.339 -0.471525 0.00016
20.7627 -0.471525 0.000134787
21.1864 -0.471525 0.000113822
21.6102 -0.471525 9.61839e-05
22.0339 -0.471525 8.15816e-05
22.4576 -0.471525 6.9502e-05
22.8814 -0.471525 5.91495e-05
23.3051 -0.471525 5.06828e-05
23.7288 -0.471525 4.3479e-05
24.1525 -0.471525 3.72886e-05
24.5763 -0.471525 3.20546e-05
25 -0.471525 2.76581e-05

0 -0.446441 0
0.423729 -0.446441 0.000123687
0.847458 -0.446441 0.000501003
1.27119 -0.446441 0.00114952
1.69492 -0.446441 0.00210047
2.11864 -0.446441 0.00340589
2.54237 -0.446441 0.00512193
2.9661 -0.446441 0.0073171
3.38983 -0.446441 0.0100841
3.81356 -0.446441 0.0133705
4.23729 -0.446441 0.0170188
4.66102 -0.446441 0.0207688
5.08475 -0.446441 0.0242734
5.50847 -0.446441 0.0274366
5.9322 -0.446441 0.0303192
6.35593 -0.446441 0.0321539
6.77966 -0.446441 0.0337241
7.20339 -0.446441 0.0347801
7.62712 -0.446441 0.0353176
8.05085 -0.446441 0.0353166
8.47458 -0.446441 0.0347495
8.89831 -0.446441 0.0336877
9.32203 -0.446441 0.0321375
9.74576 -0.446441 0.0300493
10.1695 -0.446441 0.027505
10.5932 -0.446441 0.0244831
11.0169 -0.446441 0.0211882
11.4407 -0.446441 0.0176487
11.8644 -0.446441 0.0141634
12.2881 -0.446441 0.011231
12.7119 -0.446441 0.00873924
13.1356 -0.446441 0.00677743
13.5593 -0.446441 0.00527229
13.9831 -0.446441 0.00412272
14.4068 -0.446441 0.00325296
14.8305 -0.446441 0.00258953
15.2542 -0.446441 0.00205781
15.678 -0.446441 0.00165021
16.1017 -0.446441 0.00132261
16.5254 -0.446441 0.00107772
16.9492 -0.446441 0.000877707
17.3729 -0.446441 0.00071732
17.7966 -0.446441 0.000588501
18.2203 -0.446441 0.000485052
18.6441 -0.446441 0.000402177
19.0678 -0.446441 0.000333751
19.4915 -0.446441 0.000277993
19.9153 -0.446441 0.000232387
20.339 -0.446441 0.000195064
20.7627 -0.446441 0.000164099
21.1864 -0.446441 0.000138475
21.6102 -0.446441 0.000117104
22.0339 -0.446441 9.93361e-05
22.4576 -0.446441 8.47177e-05
22.8814 -0.446441 7.19925e-05
23.3051 -0.446441 6.16677e-05
23.7288 -0.446441 5.29349e-05
24.1525 -0.446441 4.53983e-05
24.5763 -0.446441 3.9033e-05
25 -0.446441 3.36904e-05

0 -0.421356 0
0.423729 -0.421356 0.000150462
0.847458 -0.421356 0.000608468
1.27119 -0.421356 0.00140056
1.69492 -0.421356 0.00255282
2.11864 -0.421356 0.00412652
2.54237 -0.421356 0.00622897
2.9661 -0.421356 0.00890314
3.38983 -0.421356 0.0122714
3.81356 -0.421356 0.0162412
4.23729 -0.421356 0.0207129
4.66102 -0.421356 0.0252569
5.08475 -0.421356 0.0295559
5.50847 -0.421356 0.0334056
5.9322 -0.421356 0.0368509
6.35593 -0.421356 0.039189
6.77966 -0.421356 0.0410487
7.20339 -0.421356 0.0423462
7.62712 -0.421356 0.042953
8.05085 -0.421356 0.0429752
8.47458 -0.421356 0.0422954
8.89831 -0.421356 0.0410104
9.32203 -0.421356 0.0391135
9.74576 -0.421356 0.036583
10.1695 -0.421356 0.0334673
10.5932 -0.421356 0.0297395
11.0169 -0.421356 0.0257881
11.4407 -0.421356 0.0214655
11.8644 -0.421356 0.0172599
12.2881 -0.421356 0.013657
12.7119 -0.421356 0.0106341
13.1356 -0.421356 0.00824552
13.5593 -0.421356 0.00641428
13.9831 -0.421356 0.00502384
14.4068 -0.421356 0.00395778
14.8305 -0.421356 0.00314913
15.2542 -0.421356 0.00250332
15.678 -0.421356 0.00200795
16.1017 -0.421356 0.00161346
16.5254 -0.421356 0.00131121
16.9492 -0.421356 0.00106751
17.3729 -0.421356 0.000872902
17.7966 -0.421356 0.000716357
18.2203 -0.421356 0.00059046
18.6441 -0.421356 0.00048878
19.0678 -0.421356 0.00040557
19.4915 -0.421356 0.000338131
19.9153 -0.421356 0.000282637
20.339 -0.421356 0.000237571
20.7627 -0.421356 0.000199619
21.1864 -0.421356 0.000168353
21.6102 -0.421356 0.000142562
22.0339 -0.421356 0.000120902
22.4576 -0.421356 0.000103109
22.8814 -0.421356 8.75762e-05
23.3051 -0.421356 7.50307e-05
23.7288 -0.421356 6.43668e-05
24.1525 -0.421356 5.52372e-05
24.5763 -0.421356 4.75085e-05
25 -0.421356 4.1022e-05

0 -0.396271 0
0.423729 -0.396271 0.000182896
0.847458 -0.396271 0.00073919
1.27119 -0.396271 0.00170358
1.69492 -0.396271 0.00310646
2.11864 -0.396271 0.00502537
2.54237 -0.396271 0.00757474
2.9661 -0.396271 0.0108432
3.38983 -0.396271 0.0149206
3.81356 -0.396271 0.0197446
4.23729 -0.396271 0.0251951
4.66102 -0.396271 0.0307105
5.08475 -0.396271 0.0359657
5.50847 -0.396271 0.0406311
5.9322 -0.396271 0.044697
6.35593 -0.396271 0.0477075
6.77966 -0.396271 0.0499705
7.20339 -0.396271 0.0515277
7.62712 -0.396271 0.0522433
8.05085 -0.396271 0.0522677
8.47458 -0.396271 0.051471
8.89831 -0.396271 0.0499125
9.32203 -0.396271 0.0475747
9.74576 -0.396271 0.0445187
10.1695 -0.396271 0.0407112
10.5932 -0.396271 0.0361981
11.0169 -0.396271 0.0313646
11.4407 -0.396271 0.0261497
11.8644 -0.396271 0.021094
12.2881 -0.396271 0.0166045
12.7119 -0.396271 0.0129252
13.1356 -0.396271 0.0100211
13.5593 -0.396271 0.00779856
13.9831 -0.396271 0.00611893
14.4068 -0.396271 0.00481597
14.8305 -0.396271 0.0038237
15.2542 -0.396271 0.00304522
15.678 -0.396271 0.00244236
16.1017 -0.396271 0.00196863
16.5254 -0.396271 0.0015952
16.9492 -0.396271 0.00129798
17.3729 -0.396271 0.00106201
17.7966 -0.396271 0.0008718
18.2203 -0.396271 0.000718529
18.6441 -0.396271 0.000593984
19.0678 -0.396271 0.00049313
19.4915 -0.396271 0.000411342
19.9153 -0.396271 0.000343909
20.339 -0.396271 0.000288981
20.7627 -0.396271 0.000242755
21.1864 -0.396271 0.000204731
21.6102 -0.396271 0.000173443
22.0339 -0.396271 0.000147134
22.4576 -0.396271 0.00012536
22.8814 -0.396271 0.000106689
23.3051 -0.396271 9.12506e-05
23.7288 -0.396271 7.82273e-05
24.1525 -0.396271 6.7215e-05
24.5763 -0.396271 5.78121e-05
25 -0.396271 4.99092e-05

0 -0.371186 0
0.423729 -0.371186 0.000222387
0.847458 -0.371186 0.000899531
1.27119 -0.371186 0.00207014
1.69492 -0.371186 0.00378344
2.11864 -0.371186 0.00613099
2.54237 -0.371186 0.00921314
2.9661 -0.371186 0.0132064
3.38983 -0.371186 0.0181368
3.81356 -0.371186 0.0240557
4.23729 -0.371186 0.030647
4.66102 -0.371186 0.0373802
5.08475 -0.371186 0.0437663
5.50847 -0.371186 0.0494107
5.9322 -0.371186 0.0541733
6.35593 -0.371186 0.058026
6.77966 -0.371186 0.0608966
7.20339 -0.371186 0.0627058
7.62712 -0.371186 0.0636313
8.05085 -0.371186 0.0635995
8.47458 -0.371186 0.0626315
8.89831 -0.371186 0.060748
9.32203 -0.371186 0.0578891
9.74576 -0.371186 0.0541931
10.1695 -0.371186 0.049563
10.5932 -0.371186 0.0441792
11.0169 -0.371186 0.0381569
11.4407 -0.371186 0.0318555
11.8644 -0.371186 0.0257748
12.2881 -0.371186 0.0201974
12.7119 -0.371186 0.0157008
13.1356 -0.371186 0.0121776
13.5593 -0.371186 0.00948281
13.9831 -0.371186 0.00744385
14.4068 -0.371186 0.00585746
14.8305 -0.371186 0.00464143
15.2542 -0.371186 0.00370497
15.678 -0.371186 0.00297191
16.1017 -0.371186 0.00239537
16.5254 -0.371186 0.00194178
16.9492 -0.371186 0.00157925
17.3729 -0.371186 0.00129178
17.7966 -0.371186 0.0010611
18.2203 -0.371186 0.000873956
18.6441 -0.371186 0.000722653
19.0678 -0.371186 0.000600728
19.4915 -0.371186 0.000500954
19.9153 -0.371186 0.000418536
20.339 -0.371186 0.000351269
20.7627 -0.371186 0.000295412
21.1864 -0.371186 0.000249321
21.6102 -0.371186 0.000210974
22.0339 -0.371186 0.000179061
22.4576 -0.371186 0.000152403
22.8814 -0.371186 0.000130139
23.3051 -0.371186 0.000111026
23.7288 -0.371186 9.51294e-05
24.1525 -0.371186 8.1782e-05
24.5763 -0.371186 7.03933e-05
25 -0.371186 6.06973e-05

0 -0.346102 0
0.423729 -0.346102 0.000270838
0.847458 -0.346102 0.00109556
1.27119 -0.346102 0.0025159
1.69492 -0.346102 0.0045993
2.11864 -0.346102 0.00747397
2.54237 -0.346102 0.0112157
2.9661 -0.346102 0.0160706
3.38983 -0.346102 0.0220613
3.81356 -0.346102 0.0292843
4.23729 -0.346102 0.0373177
4.66102 -0.346102 0.0455422
5.08475 -0.346102 0.0532974
5.50847 -0.346102 0.060152
5.9322 -0.346102 0.0657116
6.35593 -0.346102 0.0705743
6.77966 -0.346102 0.0742166
7.20339 -0.346102 0.0763702
7.62712 -0.346102 0.0774892
8.05085 -0.346102 0.0774747
8.47458 -0.346102 0.0762722
8.89831 -0.346102 0.0739477
9.32203 -0.346102 0.0705091
9.74576 -0.346102 0.0659852
10.1695 -0.346102 0.0603426
10.5932 -0.346102 0.0537706
11.0169 -0.346102 0.0464809
11.4407 -0.346102 0.0387718
11.8644 -0.346102 0.0314373
12.2881 -0.346102 0.0245934
12.7119 -0.346102 0.0190847
13.1356 -0.346102 0.0148145
13.5593 -0.346102 0.0115451
13.9831 -0.346102 0.00904759
14.4068 -0.346102 0.00712448
14.8305 -0.346102 0.00564064
15.2542 -0.346102 0.00450987
15.678 -0.346102 0.00361748
16.1017 -0.346102 0.00291821
16.5254 -0.346102 0.00236236
16.9492 -0.346102 0.00192302
17.3729 -0.346102 0.00157211
17.7966 -0.346102 0.00129181
18.2203 -0.346102 0.00106459
18.6441 -0.346102 0.000880192
19.0678 -0.346102 0.000731029
19.4915 -0.346102 0.000609196
19.9153 -0.346102 0.000509404
20.339 -0.346102 0.000427114
20.7627 -0.346102 0.00035968
21.1864 -0.346102 0.000303409
21.6102 -0.346102 0.000256812
22.0339 -0.346102 0.000218023
22.4576 -0.346102 0.000185501
22.8814 -0.346102 0.000158631
23.3051 -0.346102 0.000135178
23.7288 -0.346102 0.000115887
24.1525 -0.346102 9.95439e-05
24.5763 -0.346102 8.57569e-05
25 -0.346102 7.38609e-05

0 -0.321017 0
0.423729 -0.321017 0.000329389
0.847458 -0.321017 0.00133379
1.27119 -0.321017 0.00306194
1.69492 -0.321017 0.00559994
2.11864 -0.321017 0.00909694
2.54237 -0.321017 0.0136483
2.9661 -0.321017 0.0195396
3.38983 -0.321017 0.0268721
3.81356 -0.321017 0.0356644
4.23729 -0.321017 0.0454393
4.66102 -0.321017 0.055469
5.08475 -0.321017 0.0648974
5.50847 -0.321017 0.073269
5.9322 -0.321017 0.0798933
6.35593 -0.321017 0.0859337
6.77966 -0.321017 0.0903524
7.20339 -0.321017 0.0929437
7.62712 -0.321017 0.0942617
8.05085 -0.321017 0.0943078
8.47458 -0.321017 0.0928526
8.89831 -0.321017 0.090056
9.32203 -0.321017 0.0858588
9.74576 -0.321017 0.080334
10.1695 -0.321017 0.0735061
10.5932 -0.321017 0.0655419
11.0169 -0.321017 0.0565938
11.4407 -0.321017 0.0472406
11.8644 -0.321017 0.038258
12.2881 -0.321017 0.0299379
12.7119 -0.321017 0.0232431
13.1356 -0.321017 0.018041
13.5593 -0.321017 0.0140501
13.9831 -0.321017 0.0109966
14.4068 -0.321017 0.00867242
14.8305 -0.321017 0.00687268
15.2542 -0.321017 0.00548733
15.678 -0.321017 0.00440318
16.1017 -0.321017 0.00355468
16.5254 -0.321017 0.00287675
16.9492 -0.321017 0.00234117
17.3729 -0.321017 0.00191358
17.7966 -0.321017 0.00157196
18.2203 -0.321017 0.00129648
18.6441 -0.321017 0.00107143
19.0678 -0.321017 0.000890004
19.4915 -0.321017 0.000741797
19.9153 -0.321017 0.000620194
20.339 -0.321017 0.000520133
20.7627 -0.321017 0.000437626
21.1864 -0.321017 0.000369492
21.6102 -0.321017 0.000312512
22.0339 -0.321017 0.000265389
22.4576 -0.321017 0.000225641
22.8814 -0.321017 0.000193073
23.3051 -0.321017 0.000164564
23.7288 -0.321017 0.000141075
24.1525 -0.321017 0.000121149
24.5763 -0.321017 0.000104406
25 -0.321017 8.99263e-05

0 -0.295932 0
0.423729 -0.295932 0.000401023
0.847458 -0.295932 0.00162391
1.27119 -0.295932 0.00372564
1.69492 -0.295932 0.0068185
2.11864 -0.295932 0.011057
2.54237 -0.295932 0.0166168
2.9661 -0.295932 0.0237546
3.38983 -0.295932 0.0327091
3.81356 -0.295932 0.0434237
4.23729 -0.295932 0.0553484
4.66102 -0.295932 0.0675659
5.08475 -0.295932 0.0790429
5.50847 -0.295932 0.0892168
5.9322 -0.295932 0.0974877
6.35593 -0.295932 0.104633
6.77966 -0.295932 0.109863
7.20339 -0.295932 0.113196
7.62712 -0.295932 0.114875
8.05085 -0.295932 0.114841
8.47458 -0.295932 0.113114
8.89831 -0.295932 0.1097
9.32203 -0.295932 0.104586
9.74576 -0.295932 0.0978511
10.1695 -0.295932 0.0895633
10.5932 -0.295932 0.079867
11.0169 -0.295932 0.0689038
11.4407 -0.295932 0.0575374
11.8644 -0.295932 0.046476
12.2881 -0.295932 0.0364494
12.7119 -0.295932 0.0283094
13.1356 -0.295932 0.0219608
13.5593 -0.295932 0.0171049
13.9831 -0.295932 0.013381
14.4068 -0.295932 0.0105557
14.8305 -0.295932 0.008372
15.2542 -0.295932 0.0066796
15.678 -0.295932 0.005358
16.1017 -0.295932 0.00432555
16.5254 -0.295932 0.00350215
16.9492 -0.295932 0.00285051
17.3729 -0.295932 0.00232984
17.7966 -0.295932 0.00191215
18.2203 -0.295932 0.00157756
18.6441 -0.295932 0.0013044
19.0678 -0.295932 0.00108381
19.4915 -0.295932 0.00090323
19.9153 -0.295932 0.000755062
20.339 -0.295932 0.000633073
20.7627 -0.295932 0.000532925
21.1864 -0.295932 0.000449812
21.6102 -0.295932 0.000380592
22.0339 -0.295932 0.00032301
22.4576 -0.295932 0.000274756
22.8814 -0.295932 0.000234685
23.3051 -0.295932 0.000200399
23.7288 -0.295932 0.000171703
24.1525 -0.295932 0.000147511
24.5763 -0.295932 0.000127007
25 -0.295932 0.000109459

0 -0.270847 0
0.423729 -0.270847 0.000488085
0.847458 -0.270847 0.00197584
1.27119 -0.270847 0.00453509
1.69492 -0.270847 0.00829673
2.11864 -0.270847 0.0134317
2.54237 -0.270847 0.0202217
2.9661 -0.270847 0.0289068
3.38983 -0.270847 0.0398081
3.81356 -0.270847 0.0528668
4.23729 -0.270847 0.0674079
4.66102 -0.270847 0.0822584
5.08475 -0.270847 0.0962344
5.50847 -0.270847 0.108649
5.9322 -0.270847 0.119299
6.35593 -0.270847 0.127416
6.77966 -0.270847 0.133502
7.20339 -0.270847 0.137847
7.62712 -0.270847 0.13994
8.05085 -0.270847 0.139822
8.47458 -0.270847 0.137743
8.89831 -0.270847 0.133553
9.32203 -0.270847 0.127337
9.74576 -0.270847 0.119136
10.1695 -0.270847 0.109057
10.5932 -0.270847 0.0972335
11.0169 -0.270847 0.0839459
11.4407 -0.270847 0.0700242
11.8644 -0.270847 0.0564185
12.2881 -0.270847 0.0443645
12.7119 -0.270847 0.0344461
13.1356 -0.270847 0.0267368
13.5593 -0.270847 0.0208174
13.9831 -0.270847 0.016297
14.4068 -0.270847 0.0128473
14.8305 -0.270847 0.0101849
15.2542 -0.270847 0.00813168
15.678 -0.270847 0.00652132
16.1017 -0.270847 0.00525922
16.5254 -0.270847 0.00426077
16.9492 -0.270847 0.00346873
17.3729 -0.270847 0.00283589
17.7966 -0.270847 0.0023267
18.2203 -0.270847 0.00191847
18.6441 -0.270847 0.00158751
19.0678 -0.270847 0.00131905
19.4915 -0.270847 0.00109909
19.9153 -0.270847 0.000918797
20.339 -0.270847 0.000770529
20.7627 -0.270847 0.000648742
21.1864 -0.270847 0.000547275
21.6102 -0.270847 0.000463339
22.0339 -0.270847 0.000393109
22.4576 -0.270847 0.000334499
22.8814 -0.270847 0.000285122
23.3051 -0.270847 0.000243955
23.7288 -0.270847 0.000209067
24.1525 -0.270847 0.000179544
24.5763 -0.270847 0.000154464
25 -0.270847 0.000133256

0 -0.245763 0
0.423729 -0.245763 0.000593725
0.847458 -0.245763 0.00240305
1.27119 -0.245763 0.00551838
1.69492 -0.245763 0.0100893
2.11864 -0.245763 0.0163264
2.54237 -0.245763 0.0245962
2.9661 -0.245763 0.03519
3.38983 -0.245763 0.0484418
3.81356 -0.245763 0.0643272
4.23729 -0.245763 0.082046
4.66102 -0.245763 0.100118
5.08475 -0.245763 0.117182
5.50847 -0.245763 0.132259
5.9322 -0.245763 0.145035
6.35593 -0.245763 0.155115
6.77966 -0.245763 0.162295
7.20339 -0.245763 0.167777
7.62712 -0.245763 0.170328
8.05085 -0.245763 0.170168
8.47458 -0.245763 0.167627
8.89831 -0.245763 0.162515
9.32203 -0.245763 0.154972
9.74576 -0.245763 0.144987
10.1695 -0.245763 0.132713
10.5932 -0.245763 0.118296
11.0169 -0.245763 0.102231
11.4407 -0.245763 0.0851877
11.8644 -0.245763 0.0685322
12.2881 -0.245763 0.0539833
12.7119 -0.245763 0.0419168
13.1356 -0.245763 0.0325336
13.5593 -0.245763 0.0253258
13.9831 -0.245763 0.0198322
14.4068 -0.245763 0.0156325
14.8305 -0.245763 0.0123941
15.2542 -0.245763 0.00989568
15.678 -0.245763 0.00793521
16.1017 -0.245763 0.0063942
16.5254 -0.245763 0.00518267
16.9492 -0.245763 0.00421955
17.3729 -0.245763 0.00345035
17.7966 -0.245763 0.00283151
18.2203 -0.245763 0.00233378
18.6441 -0.245763 0.00193259
19.0678 -0.245763 0.00160446
19.4915 -0.245763 0.00133687
19.9153 -0.245763 0.00111784
20.339 -0.245763 0.000937855
20.7627 -0.245763 0.000789263
21.1864 -0.245763 0.000665799
21.6102 -0.245763 0.000563736
22.0339 -0.245763 0.000478214
22.4576 -0.245763 0.00040701
22.8814 -0.245763 0.000346633
23.3051 -0.245763 0.000296894
23.7288 -0.245763 0.000254476
24.1525 -0.245763 0.000218464
24.5763 -0.245763 0.000187934
25 -0.245763 0.00016218

0 -0.220678 0
0.423729 -0.220678 0.000722186
0.847458 -0.220678 0.00292369
1.27119 -0.220678 0.00671275
1.69492 -0.220678 0.0122713
2.11864 -0.220678 0.0198828
2.54237 -0.220678 0.0299207
2.9661 -0.220678 0.0428213
3.38983 -0.220678 0.0589567
3.81356 -0.220678 0.0782574
4.23729 -0.220678 0.0998387
4.66102 -0.220678 0.121907
5.08475 -0.220678 0.142648
5.50847 -0.220678 0.160974
5.9322 -0.220678 0.176463
6.35593 -0.220678 0.188811
6.77966 -0.220678 0.197672
7.20339 -0.220678 0.204164
7.62712 -0.220678 0.207215
8.05085 -0.220678 0.207118
8.47458 -0.220678 0.203963
8.89831 -0.220678 0.197803
9.32203 -0.220678 0.188654
9.74576 -0.220678 0.176485
10.1695 -0.220678 0.161512
10.5932 -0.220678 0.143941
11.0169 -0.220678 0.124428
11.4407 -0.220678 0.103687
11.8644 -0.220678 0.0834187
12.2881 -0.220678 0.0657009
12.7119 -0.220678 0.0510592
13.1356 -0.220678 0.0395719
13.5593 -0.220678 0.0308088
13.9831 -0.220678 0.0241328
14.4068 -0.220678 0.0190236
14.8305 -0.220678 0.0150983
15.2542 -0.220678 0.0120376
15.678 -0.220678 0.00965514
16.1017 -0.220678 0.00778256
16.5254 -0.220678 0.00630778
16.9492 -0.220678 0.00513488
17.3729 -0.220678 0.00419834
17.7966 -0.220678 0.00344773
18.2203 -0.220678 0.0028413
18.6441 -0.220678 0.00235177
19.0678 -0.220678 0.00195179
19.4915 -0.220678 0.00162674
19.9153 -0.220678 0.00136088
20.339 -0.220678 0.00114155
20.7627 -0.220678 0.000960137
21.1864 -0.220678 0.000810624
21.6102 -0.220678 0.000685799
22.0339 -0.220678 0.000581841
22.4576 -0.220678 0.000495179
22.8814 -0.220678 0.000422046
23.3051 -0.220678 0.00036118
23.7288 -0.220678 0.000309596
24.1525 -0.220678 0.000265909
24.5763 -0.220678 0.000228667
25 -0.220678 0.000197339

0 -0.195593 0
0.423729 -0.195593 0.000878888
0.847458 -0.195593 0.00355836
1.27119 -0.195593 0.00816958
1.69492 -0.195593 0.0149372
2.11864 -0.195593 0.0242003
2.54237 -0.195593 0.0364159
2.9661 -0.195593 0.0521101
3.38983 -0.195593 0.0717724
3.81356 -0.195593 0.0952664
4.23729 -0.195593 0.121562
4.66102 -0.195593 0.148391
5.08475 -0.195593 0.173659
5.50847 -0.195593 0.195999
5.9322 -0.195593 0.214951
6.35593 -0.195593 0.229875
6.77966 -0.195593 0.241289
7.20339 -0.195593 0.248603
7.62712 -0.195593 0.252188
8.05085 -0.195593 0.252179
8.47458 -0.195593 0.248424
8.89831 -0.195593 0.240912
9.32203 -0.195593 0.229676
9.74576 -0.195593 0.214893
10.1695 -0.195593 0.196701
10.5932 -0.195593 0.175365
11.0169 -0.195593 0.151438
11.4407 -0.195593 0.126284
11.8644 -0.195593 0.101775
12.2881 -0.195593 0.0799541
12.7119 -0.195593 0.0621625
13.1356 -0.195593 0.0481525
13.5593 -0.195593 0.0374979
13.9831 -0.195593 0.0293843
14.4068 -0.195593 0.0231585
14.8305 -0.195593 0.0183825
15.2542 -0.195593 0.0146463
15.678 -0.195593 0.011751
16.1017 -0.195593 0.00947417
16.5254 -0.195593 0.00767726
16.9492 -0.195593 0.00624993
17.3729 -0.195593 0.00510958
17.7966 -0.195593 0.00419751
18.2203 -0.195593 0.00345825
18.6441 -0.195593 0.00286096
19.0678 -0.195593 0.00237601
19.4915 -0.195593 0.00198017
19.9153 -0.195593 0.00165571
20.339 -0.195593 0.00138907
20.7627 -0.195593 0.00116872
21.1864 -0.195593 0.000986362
21.6102 -0.195593 0.000834886
22.0339 -0.195593 0.000708368
22.4576 -0.195593 0.000602773
22.8814 -0.195593 0.000514347
23.3051 -0.195593 0.000439505
23.7288 -0.195593 0.000376673
24.1525 -0.195593 0.000323602
24.5763 -0.195593 0.000278486
25 -0.195593 0.000240202

0 -0.170508 0
0.423729 -0.170508 0.00106963
0.847458 -0.170508 0.00433021
1.27119 -0.170508 0.00994014
1.69492 -0.170508 0.0181779
2.11864 -0.170508 0.0294548
2.54237 -0.170508 0.0443118
2.9661 -0.170508 0.0634292
3.38983 -0.170508 0.0873417
3.81356 -0.170508 0.115974
4.23729 -0.170508 0.147981
4.66102 -0.170508 0.180722
5.08475 -0.170508 0.211466
5.50847 -0.170508 0.238666
5.9322 -0.170508 0.261771
6.35593 -0.170508 0.279891
6.77966 -0.170508 0.293643
7.20339 -0.170508 0.302664
7.62712 -0.170508 0.307127
8.05085 -0.170508 0.307081
8.47458 -0.170508 0.302408
8.89831 -0.170508 0.29324
9.32203 -0.170508 0.279669
9.74576 -0.170508 0.261687
10.1695 -0.170508 0.239475
10.5932 -0.170508 0.213471
11.0169 -0.170508 0.184426
11.4407 -0.170508 0.153788
11.8644 -0.170508 0.123912
12.2881 -0.170508 0.0973332
12.7119 -0.170508 0.0756085
13.1356 -0.170508 0.0586026
13.5593 -0.170508 0.0456315
13.9831 -0.170508 0.0357613
14.4068 -0.170508 0.0281836
14.8305 -0.170508 0.0223597
15.2542 -0.170508 0.0178275
15.678 -0.170508 0.0143024
16.1017 -0.170508 0.0115331
16.5254 -0.170508 0.00934458
16.9492 -0.170508 0.00760688
17.3729 -0.170508 0.00621904
17.7966 -0.170508 0.00510734
18.2203 -0.170508 0.00420998
18.6441 -0.170508 0.00348168
19.0678 -0.170508 0.0028922
19.4915 -0.170508 0.00241047
19.9153 -0.170508 0.00201564
20.339 -0.170508 0.00169043
20.7627 -0.170508 0.00142258
21.1864 -0.170508 0.00120079
21.6102 -0.170508 0.00101598
22.0339 -0.170508 0.000862304
22.4576 -0.170508 0.000733675
22.8814 -0.170508 0.000625893
23.3051 -0.170508 0.000535052
23.7288 -0.170508 0.000458567
24.1525 -0.170508 0.000393933
24.5763 -0.170508 0.000338967
25 -0.170508 0.000292353

0 -0.145424 0
0.423729 -0.145424 0.0013017
0.847458 -0.145424 0.00526986
1.27119 -0.145424 0.0120976
1.69492 -0.145424 0.0221215
2.11864 -0.145424 0.0358396
2.54237 -0.145424 0.0539251
2.9661 -0.145424 0.0771735
3.38983 -0.145424 0.106258
3.81356 -0.145424 0.141176
4.23729 -0.145424 0.180182
4.66102 -0.145424 0.22006
5.08475 -0.145424 0.257482
5.50847 -0.145424 0.2906
5.9322 -0.145424 0.318581
6.35593 -0.145424 0.340792
6.77966 -0.145424 0.357511
7.20339 -0.145424 0.368491
7.62712 -0.145424 0.373956
8.05085 -0.145424 0.373849
8.47458 -0.145424 0.368214
8.89831 -0.145424 0.357094
9.32203 -0.145424 0.340525
9.74576 -0.145424 0.318602
10.1695 -0.145424 0.291611
10.5932 -0.145424 0.259969
11.0169 -0.145424 0.224567
11.4407 -0.145424 0.187245
11.8644 -0.145424 0.150833
12.2881 -0.145424 0.11847
12.7119 -0.145424 0.0919246
13.1356 -0.145424 0.0713171
13.5593 -0.145424 0.0555347
13.9831 -0.145424 0.0434962
14.4068 -0.145424 0.0342859
14.8305 -0.145424 0.027186
15.2542 -0.145424 0.0216961
15.678 -0.145424 0.0174048
16.1017 -0.145424 0.014035
16.5254 -0.145424 0.0113727
16.9492 -0.145424 0.00925788
17.3729 -0.145424 0.0075697
17.7966 -0.145424 0.00621283
18.2203 -0.145424 0.00512285
18.6441 -0.145424 0.00423798
19.0678 -0.145424 0.00352022
19.4915 -0.145424 0.00293357
19.9153 -0.145424 0.00245319
20.339 -0.145424 0.00205746
20.7627 -0.145424 0.00173158
21.1864 -0.145424 0.00146141
21.6102 -0.145424 0.00123675
22.0339 -0.145424 0.00104955
22.4576 -0.145424 0.000892977
22.8814 -0.145424 0.000761795
23.3051 -0.145424 0.000651305
23.7288 -0.145424 0.000558123
24.1525 -0.145424 0.000479416
24.5763 -0.145424 0.00041262
25 -0.145424 0.00035586

0 -0.120339 0
0.423729 -0.120339 0.0015837
0.847458 -0.120339 0.00641157
1.27119 -0.120339 0.0147206
1.69492 -0.120339 0.026915
2.11864 -0.120339 0.0436024
2.54237 -0.120339 0.0656077
2.9661 -0.120339 0.093879
3.38983 -0.120339 0.129293
3.81356 -0.120339 0.171821
4.23729 -0.120339 0.219366
4.66102 -0.120339 0.267866
5.08475 -0.120339 0.313468
5.50847 -0.120339 0.353777
5.9322 -0.120339 0.387621
6.35593 -0.120339 0.414843
6.77966 -0.120339 0.43521
7.20339 -0.120339 0.448613
7.62712 -0.120339 0.455247
8.05085 -0.120339 0.455078
8.47458 -0.120339 0.448271
8.89831 -0.120339 0.434727
9.32203 -0.120339 0.414492
9.74576 -0.120339 0.387827
10.1695 -0.120339 0.35504
10.5932 -0.120339 0.316538
11.0169 -0.120339 0.273438
11.4407 -0.120339 0.227951
11.8644 -0.120339 0.183616
12.2881 -0.120339 0.144152
12.7119 -0.120339 0.111831
13.1356 -0.120339 0.0867883
13.5593 -0.120339 0.067578
13.9831 -0.120339 0.0529116
14.4068 -0.120339 0.0417172
14.8305 -0.120339 0.0330737
15.2542 -0.120339 0.0264048
15.678 -0.120339 0.0211792
16.1017 -0.120339 0.0170776
16.5254 -0.120339 0.013838
16.9492 -0.120339 0.0112647
17.3729 -0.120339 0.00921084
17.7966 -0.120339 0.00756205
18.2203 -0.120339 0.00623264
18.6441 -0.120339 0.00515754
19.0678 -0.120339 0.00428364
19.4915 -0.120339 0.00356976
19.9153 -0.120339 0.00298498
20.339 -0.120339 0.00250396
20.7627 -0.120339 0.0021071
21.1864 -0.120339 0.00177814
21.6102 -0.120339 0.00150528
22.0339 -0.120339 0.00127726
22.4576 -0.120339 0.0010868
22.8814 -0.120339 0.000927126
23.3051 -0.120339 0.000792656
23.7288 -0.120339 0.000679335
24.1525 -0.120339 0.000583345
24.5763 -0.120339 0.000502145
25 -0.120339 0.000433062

0 -0.0952542 0
0.423729 -0.0952542 0.00192724
0.847458 -0.0952542 0.00780119
1.27119 -0.0952542 0.0179088
1.69492 -0.0952542 0.0327465
2.11864 -0.0952542 0.0530609
2.54237 -0.0952542 0.0798333
2.9661 -0.0952542 0.114253
3.38983 -0.0952542 0.15737
3.81356 -0.0952542 0.209126
4.23729 -0.0952542 0.267013
4.66102 -0.0952542 0.326112
5.08475 -0.0952542 0.381671
5.50847 -0.0952542 0.430707
5.9322 -0.0952542 0.471932
6.35593 -0.0952542 0.505055
6.77966 -0.0952542 0.529735
7.20339 -0.0952542 0.546097
7.62712 -0.0952542 0.554187
8.05085 -0.0952542 0.554033
8.47458 -0.0952542 0.545648
8.89831 -0.0952542 0.529147
9.32203 -0.0952542 0.504595
9.74576 -0.0952542 0.472199
10.1695 -0.0952542 0.432194
10.5932 -0.0952542 0.385332
11.0169 -0.0952542 0.332904
11.4407 -0.0952542 0.277514
11.8644 -0.0952542 0.223475
12.2881 -0.0952542 0.175446
12.7119 -0.0952542 0.136168
13.1356 -0.0952542 0.105595
13.5593 -0.0952542 0.0822213
13.9831 -0.0952542 0.0644071
14.4068 -0.0952542 0.0507778
14.8305 -0.0952542 0.0402698
15.2542 -0.0952542 0.0321303
15.678 -0.0952542 0.0257744
16.1017 -0.0952542 0.0207839
16.5254 -0.0952542 0.0168408
16.9492 -0.0952542 0.0137093
17.3729 -0.0952542 0.0112085
17.7966 -0.0952542 0.0092026
18.2203 -0.0952542 0.00758573
18.6441 -0.0952542 0.00627735
19.0678 -0.0952542 0.00521328
19.4915 -0.0952542 0.00434462
19.9153 -0.0952542 0.00363305
20.339 -0.0952542 0.0030475
20.7627 -0.0952542 0.00256452
21.1864 -0.0952542 0.00216421
21.6102 -0.0952542 0.00183168
22.0339 -0.0952542 0.0015544
22.4576 -0.0952542 0.00132261
22.8814 -0.0952542 0.00112821
23.3051 -0.0952542 0.000964655
23.7288 -0.0952542 0.000826733
24.1525 -0.0952542 0.000710012
24.5763 -0.0952542 0.000611121
25 -0.0952542 0.000527062

0 -0.0701695 0
0.423729 -0.0701695 0.002345
0.847458 -0.0701695 0.00949324
1.27119 -0.0701695 0.0217931
1.69492 -0.0701695 0.0398498
2.11864 -0.0701695 0.0645641
2.54237 -0.0701695 0.097142
2.9661 -0.0701695 0.139033
3.38983 -0.0701695 0.191518
3.81356 -0.0701695 0.254547
4.23729 -0.0701695 0.325074
4.66102 -0.0701695 0.397081
5.08475 -0.0701695 0.464735
5.50847 -0.0701695 0.524406
5.9322 -0.0701695 0.574652
6.35593 -0.0701695 0.614862
6.77966 -0.0701695 0.644952
7.20339 -0.0701695 0.664859
7.62712 -0.0701695 0.674689
8.05085 -0.0701695 0.674499
8.47458 -0.0701695 0.664318
8.89831 -0.0701695 0.644238
9.32203 -0.0701695 0.614365
9.74576 -0.0701695 0.57491
10.1695 -0.0701695 0.52623
10.5932 -0.0701695 0.469185
11.0169 -0.0701695 0.405341
11.4407 -0.0701695 0.3379
11.8644 -0.0701695 0.272038
12.2881 -0.0701695 0.213532
12.7119 -0.0701695 0.165733
13.1356 -0.0701695 0.128499
13.5593 -0.0701695 0.100058
13.9831 -0.0701695 0.0783859
14.4068 -0.0701695 0.0617901
14.8305 -0.0701695 0.0490134
15.2542 -0.0701695 0.0391011
15.678 -0.0701695 0.0313682
16.1017 -0.0701695 0.025295
16.5254 -0.0701695 0.0204965
16.9492 -0.0701695 0.0166852
17.3729 -0.0701695 0.0136418
17.7966 -0.0701695 0.0112022
18.2203 -0.0701695 0.00923337
18.6441 -0.0701695 0.00764194
19.0678 -0.0701695 0.00634485
19.4915 -0.0701695 0.00528796
19.9153 -0.0701695 0.00442177
20.339 -0.0701695 0.00370973
20.7627 -0.0701695 0.00312112
21.1864 -0.0701695 0.00263413
21.6102 -0.0701695 0.00222936
22.0339 -0.0701695 0.00189191
22.4576 -0.0701695 0.00160979
22.8814 -0.0701695 0.00137316
23.3051 -0.0701695 0.00117408
23.7288 -0.0701695 0.0010062
24.1525 -0.0701695 0.00086426
24.5763 -0.0701695 0.000743822
25 -0.0701695 0.000641508

0 -0.0450847 0
0.423729 -0.0450847 0.00285371
0.847458 -0.0450847 0.0115526
1.27119 -0.0450847 0.0265194
1.69492 -0.0450847 0.0484942
2.11864 -0.0450847 0.0785688
2.54237 -0.0450847 0.118211
2.9661 -0.0450847 0.169192
3.38983 -0.0450847 0.233088
3.81356 -0.0450847 0.309855
4.23729 -0.0450847 0.395763
4.66102 -0.0450847 0.483496
5.08475 -0.0450847 0.565857
5.50847 -0.0450847 0.638526
5.9322 -0.0450847 0.699662
6.35593 -0.0450847 0.748642
6.77966 -0.0450847 0.785225
7.20339 -0.0450847 0.809478
7.62712 -0.0450847 0.821443
8.05085 -0.0450847 0.821231
8.47458 -0.0450847 0.808803
8.89831 -0.0450847 0.78437
9.32203 -0.0450847 0.748032
9.74576 -0.0450847 0.700009
10.1695 -0.0450847 0.640744
10.5932 -0.0450847 0.571285
11.0169 -0.0450847 0.493571
11.4407 -0.0450847 0.411428
11.8644 -0.0450847 0.331162
12.2881 -0.0450847 0.259899
12.7119 -0.0450847 0.201691
13.1356 -0.0450847 0.156374
13.5593 -0.0450847 0.121766
13.9831 -0.0450847 0.0953891
14.4068 -0.0450847 0.0752001
14.8305 -0.0450847 0.0596478
15.2542 -0.0450847 0.0475852
15.678 -0.0450847 0.0381763
16.1017 -0.0450847 0.0307856
16.5254 -0.0450847 0.0249455
16.9492 -0.0450847 0.0203067
17.3729 -0.0450847 0.0166035
17.7966 -0.0450847 0.0136334
18.2203 -0.0450847 0.011238
18.6441 -0.0450847 0.00929919
19.0678 -0.0450847 0.00772257
19.4915 -0.0450847 0.00643606
19.9153 -0.0450847 0.00538189
20.339 -0.0450847 0.00451463
20.7627 -0.0450847 0.00379891
21.1864 -0.0450847 0.00320616
21.6102 -0.0450847 0.00271337
22.0339 -0.0450847 0.0023028
22.4576 -0.0450847 0.00195934
22.8814 -0.0450847 0.00167131
23.3051 -0.0450847 0.00142905
23.7288 -0.0450847 0.00122468
24.1525 -0.0450847 0.00105192
24.5763 -0.0450847 0.000905375
25 -0.0450847 0.000780835

0 -0.02 1.2532e-37
0.423729 -0.02 0.00347212
0.847458 -0.02 0.0140564
1.27119 -0.02 0.0322688
1.69492 -0.02 0.0590046
2.11864 -0.02 0.095593
2.54237 -0.02 0.143827
2.9661 -0.02 0.205858
3.38983 -0.02 0.283629
3.81356 -0.02 0.377119
4.23729 -0.02 0.481795
4.66102 -0.02 0.588616
5.08475 -0.02 0.688849
5.50847 -0.02 0.777356
5.9322 -0.02 0.851788
6.35593 -0.02 0.911362
6.77966 -0.02 0.955914
7.20339 -0.02 0.985428
7.62712 -0.02 1
8.05085 -0.02 0.999707
8.47458 -0.02 0.984628
8.89831 -0.02 0.954885
9.32203 -0.02 0.910613
9.74576 -0.02 0.852144
10.1695 -0.02 0.780084
10.5932 -0.02 0.695555
11.0169 -0.02 0.60094
11.4407 -0.02 0.500892
11.8644 -0.02 0.403116
12.2881 -0.02 0.316287
12.7119 -0.02 0.2454
13.1356 -0.02 0.190283
13.5593 -0.02 0.14817
13.9831 -0.02 0.116066
14.4068 -0.02 0.0915009
14.8305 -0.02 0.0725767
15.2542 -0.02 0.0579081
15.678 -0.02 0.0464535
16.1017 -0.02 0.0374598
16.5254 -0.02 0.0303544
16.9492 -0.02 0.0247108
17.3729 -0.02 0.0202048
17.7966 -0.02 0.0165884
18.2203 -0.02 0.0136749
18.6441 -0.02 0.0113142
19.0678 -0.02 0.00939803
19.4915 -0.02 0.00783199
19.9153 -0.02 0.00654901
20.339 -0.02 0.00549372
20.7627 -0.02 0.00462308
21.1864 -0.02 0.00390162
21.6102 -0.02 0.00330228
22.0339 -0.02 0.00280246
22.4576 -0.02 0.00238454
22.8814 -0.02 0.00203401
23.3051 -0.02 0.0017392
23.7288 -0.02 0.00149051
24.1525 -0.02 0.00128014
24.5763 -0.02 0.00110186
25 -0.02 0.000950259

